type,hash,victim,recipient,token,symbol,amount,mantissa,value_wbtc,value_badger,value_digg,value_weth,value_usdt,value_cvx,value_cvxcrv,value_usd_2dec
stolen,0x951babdddbfbbba81bbbb7991a959d9815e80cc5d9418d10e692f41541029869,0x53461E4fddcC1385f1256Ae24ce3505Be664f249,0x4fbf7701b3078B5bed6F3e64dF3AE09650eE7DE5,0x4b92d19c11435614CD49Af1b589001b7c08cD4D5,byvWBTC,896.859875220000000000,89685987522,911.7624128,0,0,0,0,0,0,51904810.64
stolen,0xcc0903051732b6e92b439fff681e09d04a91b747ef7230d191cad02c0df9bf6e,0x7b2366996A64effE1aF089fA64e9cf4361FddC6e,0x0B88A083dc7b8aC2A84eBA02E4acb2e5f2d3063C,0xaE96fF08771a109dc6650a1BdCa62F2d558E40af,bibbtc/sbtcCRV-f,204.539433413030000000,204539433413030539153,206.6816444,0,0,0,0,0,0,11558382.91
stolen,0x2b3a0e24b59daef540f5ff579422bd8f66f748b2b85613e2592ff56ce82010f2,0x4aE958B4dE0e6f21d51e73625fb9D5E0C3B0985f,0x4fbf7701b3078B5bed6F3e64dF3AE09650eE7DE5,0xaE96fF08771a109dc6650a1BdCa62F2d558E40af,bibbtc/sbtcCRV-f,172.445055240571000000,172445055240571417888,174.2511309,0,0,0,0,0,0,9744751.637
stolen,0x5973ea352314dd079517e05c258ce8989e04d8d7859afa06de66ce5f05e0ff4e,0x564B1a055D9caaaFF7435dcE6B5F6E522b27dE7d,0x4fbf7701b3078B5bed6F3e64dF3AE09650eE7DE5,0xaE96fF08771a109dc6650a1BdCa62F2d558E40af,bibbtc/sbtcCRV-f,111.029961377265000000,111029961377265239943,112.1928159,0,0,0,0,0,0,6274226.862
stolen,0x960bf0f1edac5ca49f6faee49fa93f662cf0331fd1d8da8fbece1021e88028c0,0xeD5e679d74273Ca5C319DAc2229f2e87E20903Ea,0x4fbf7701b3078B5bed6F3e64dF3AE09650eE7DE5,0xaE96fF08771a109dc6650a1BdCa62F2d558E40af,bibbtc/sbtcCRV-f,61.421933700794700000,61421933700794716935,62.06522649,0,0,0,0,0,0,3470911.289
stolen,0x36ee80b32a4248c4f1ca70fc78989b3ffe0def0a6824cb8591aff8110170769c,0xd95aB69ca45EbF9d8b0b097D7A3817CE77cED518,0x4fbf7701b3078B5bed6F3e64dF3AE09650eE7DE5,0x8a8FFec8f4A0C8c9585Da95D9D97e8Cd6de273DE,bSlpIbbtcWbtc,0.000298481687238017,298481687238017,60.28533386,0,0,0,0,0,0,3391278.223
stolen,0xd7436c17f6511d1a239a37e4c90b49f991e05900ee53164c80ffbaa0b21a3d66,0xE5350E927B904FdB4d2AF55C566E269BB3df1941,0x4fbf7701b3078B5bed6F3e64dF3AE09650eE7DE5,0xaE96fF08771a109dc6650a1BdCa62F2d558E40af,bibbtc/sbtcCRV-f,37.638894888154800000,37638894888154842224,38.03309983,0,0,0,0,0,0,2126948.1
stolen,0x46bce4f9a67369af0470b9260e7ee1b41edc4df040451ff219877901ecaf20df,0x4718fc7E40092A9d5FC584699AEA1AA4c6f63D33,0x4fbf7701b3078B5bed6F3e64dF3AE09650eE7DE5,0xaE96fF08771a109dc6650a1BdCa62F2d558E40af,bibbtc/sbtcCRV-f,34.526118362559300000,34526118362559320045,34.88772214,0,0,0,0,0,0,1951047.236
stolen,0x2547df83880e4bdd101f8b6dde431bb930d3678fb570269e317a2389f282247d,0x73a6A002B9538F636FbfE6bfB8b7440b8b3A510E,0x4fbf7701b3078B5bed6F3e64dF3AE09650eE7DE5,0xaE96fF08771a109dc6650a1BdCa62F2d558E40af,bibbtc/sbtcCRV-f,30.106194553715500000,30106194553715526190,30.42150696,0,0,0,0,0,0,1701280.377
stolen,0xdfb1661349c1ef1307372ddddd4cdb7c910319b48f9bf50b878ec0245b74d6fd,0xEc4FcD1aCA723f8456999c5f5d7479Dbe9528c11,0x0B88A083dc7b8aC2A84eBA02E4acb2e5f2d3063C,0x19D97D8fA813EE2f51aD4B4e04EA08bAf4DFfC28,bBADGER,"55,721.795061367900000000",55721795061367972036608,0,68809.82446,0,0,0,0,0,1536523.378
stolen,0xedaa8e2033dd97b92db3225db9304944070c32e7361d892d5811305c39751d4a,0x6d0BBe84eBa47434a0004fc65797B87eF1C913b7,0x4fbf7701b3078B5bed6F3e64dF3AE09650eE7DE5,0xaE96fF08771a109dc6650a1BdCa62F2d558E40af,bibbtc/sbtcCRV-f,25.888764525421100000,25888764525421151356,26.15990636,0,0,0,0,0,0,1462956.303
stolen,0x6b2ca124165ac03e4877adb8d6aba8723ad0091cbcbcf0ab20370a1dfa5b6db4,0x7338afb07db145220849B04A45243956f20B14d9,0xa33B95ea28542Ada32117B60E4F5B4cB7D1Fc19B,0xaE96fF08771a109dc6650a1BdCa62F2d558E40af,bibbtc/sbtcCRV-f,24.574124356297800000,24574124356297821825,24.83149752,0,0,0,0,0,0,1388666.89
stolen,0x5e08f0192bbeb4e4f413ab94b413f47d3fe0baed597d24927bc987d18c048910,0x72b40Caa258c237c6F5947E291650808B913e9fC,0xEcD91D07b1b6B81d24F2a469de8e47E3fe3050fd,0x1862A18181346EBd9EdAf800804f89190DeF24a5,bSlpBadgerWbtc,0.003949995259385800,3949995259385807,13.39462848,28071.55892,0,0,0,0,0,1384212.095
stolen,0xbbd90f05093277f878e3a3995eb76335c5d86ee80a3f7b629af12d23699822ea,0xFc7e2b665062B127047171eBb5000d53880Bc88c,0x1B1b391D1026A4e3fB7F082ede068B25358a61F2,0x88128580ACdD9c04Ce47AFcE196875747bF2A9f6,bSlpDiggWbtc,0.000000006615523938,6615523938,12.56781116,0,11.67605537,0,0,0,0,1322835.724
stolen,0x6d4872d1b7fbc194f5cc3c17f5bddc2bcf6ca5b53476875968abaf46f6304974,0xaF297deC752c909092A117A932A8cA4AaaFF9795,0x0B88A083dc7b8aC2A84eBA02E4acb2e5f2d3063C,0x19D97D8fA813EE2f51aD4B4e04EA08bAf4DFfC28,bBADGER,"45,463.111102277600000000",45463111102277679269873,0,56141.56347,0,0,0,0,0,1253641.111
stolen,0x769e153bd410887be1986547dd8977dfaf185b204979a114613a8c20c74e91f1,0xee1F07F88934C2811E3DcAbdf438d975C3d62cd3,0x2eF1b70F195fd0432f9C36fB2eF7C99629B0398c,0xd04c48A53c111300aD41190D63681ed3dAd998eC,bcrvRenWSBTC,20.667204525632300000,20667204525632326589,21.17671641,0,0,0,0,0,0,1207888.999
stolen,0x8a9c2a05ba58823c28fb9bb259b7f67f7d8e502984b4addfc7ae486032c277b9,0xa669070D106E96CC2390523E9745B425a1b3a0E0,0x4fbf7701b3078B5bed6F3e64dF3AE09650eE7DE5,0xaE96fF08771a109dc6650a1BdCa62F2d558E40af,bibbtc/sbtcCRV-f,20.741277939123600000,20741277939123684990,20.95850839,0,0,0,0,0,0,1172075.371
stolen,0xd4a3475f9e6a145dca781b21fe51989af555bb90f0cf9b30e05819b0056139a3,0x4c46f9a3Da4F7F2911e29dae334ebCf09101a669,0xa33B95ea28542Ada32117B60E4F5B4cB7D1Fc19B,0xaE96fF08771a109dc6650a1BdCa62F2d558E40af,bibbtc/sbtcCRV-f,20.024878621921000000,20024878621921087651,20.23460598,0,0,0,0,0,0,1131592.138
stolen,0x4f300d92388f4de8160205ddb48fd45f6b479c60ab248500b4aaeb4439b2ed57,0xE107a20CE3836329a3C310E9A2DA812CFB177F72,0x1B1b391D1026A4e3fB7F082ede068B25358a61F2,0x88128580ACdD9c04Ce47AFcE196875747bF2A9f6,bSlpDiggWbtc,0.000000004866728514,4866728514,9.245545104,0,8.589522481,0,0,0,0,973147.7653
stolen,0x95f8a00668ee3fda5a7a1e6e1f0b611409a77dec845290bf9f34780a83b8fc45,0x1eccd61c9fa53a8D2e823A26cD72A7efD7D0E92e,0xEcD91D07b1b6B81d24F2a469de8e47E3fe3050fd,0xb9D076fDe463dbc9f915E5392F807315Bf940334,btbtc/sbtcCrv,13.897951836589600000,13897951836589632152,14.37122243,0,0,0,0,0,0,826995.3076
stolen,0xf87c1798b6b6cca927b5646b4c52f4e38e23e53afcfd99ae86658cac864ae272,0x7Fe978F80ed1830367Db86AdEFe305e58777B602,0xa33B95ea28542Ada32117B60E4F5B4cB7D1Fc19B,0xaE96fF08771a109dc6650a1BdCa62F2d558E40af,bibbtc/sbtcCRV-f,12.396446553101000000,12396446553101043505,12.52627875,0,0,0,0,0,0,700514.6809
stolen,0x922e142c390e00f9de00aa8f7c62264f89d683bd66d35a95da75f890c63cf10e,0x1D8D739912AAE17819618e6e33580284C16785A9,0x1B1b391D1026A4e3fB7F082ede068B25358a61F2,0xfd05D3C7fe2924020620A8bE4961bBaA747e6305,bveCVX,"25,130.919014305900000000",25130919014305942817371,0,0,0,0,0,25130.91901,0,650639.4933
stolen,0x52356f445dab835ad3e783b1a0ca464f5069651189fa19eb2f1916a757d07fd5,0xB64cAa9388ADE265084293E552632D624Df1F7c3,0x0B88A083dc7b8aC2A84eBA02E4acb2e5f2d3063C,0x4b92d19c11435614CD49Af1b589001b7c08cD4D5,byvWBTC,10.879848630000000000,1087984863,11.060632,0,0,0,0,0,0,629659.6587
stolen,0x9bd8415e5d89f5fe81690c11f23c05b5682fe2db4330eccf12804d693244b918,0xff4944F8809ec48d8aCc655ff83770cBd4C3A02a,0x2eF1b70F195fd0432f9C36fB2eF7C99629B0398c,0xd04c48A53c111300aD41190D63681ed3dAd998eC,bcrvRenWSBTC,10.754238865403400000,10754238865403457105,11.01936483,0,0,0,0,0,0,628528.4881
stolen,0xdd7632c17550122f3696378b6116c4bc0dd30033b67c35b41db01d84d43da731,0xC84350BcE9259D11f7518564520c9D3d6DDe3871,0x1B1b391D1026A4e3fB7F082ede068B25358a61F2,0x88128580ACdD9c04Ce47AFcE196875747bF2A9f6,bSlpDiggWbtc,0.000000002990325501,2990325501,5.680857113,0,5.277768843,0,0,0,0,597943.4789
stolen,0xce5457efb9d640e03e197a294feb0af1e49c78701dbae6cc9c08c97825b9ff66,0x0e61dae710688C22d8f6D0C3Fdd1735d27dDff8f,0xa33B95ea28542Ada32117B60E4F5B4cB7D1Fc19B,0xaE96fF08771a109dc6650a1BdCa62F2d558E40af,bibbtc/sbtcCRV-f,10.003055233698400000,10003055233698446120,10.10782063,0,0,0,0,0,0,565265.7812
stolen,0xd15ea3cfa09f4b766103e5b233e7fe029a0f744b470c9a6ca8075e7048c9c3bc,0xFaC01bF00180ff294915E840b4309B823b759F83,0x1B1b391D1026A4e3fB7F082ede068B25358a61F2,0x2B5455aac8d64C14786c3a29858E43b5945819C0,bcvxCRV,"93,581.999999999900000000",93582000000000000000000,0,0,0,0,0,0,117211.411,556754.2041
stolen,0x07a65b8cb5ded0b89fdd38d6fa79a970a5ca682050d7f4179862c0ac2aa3a4ec,0x592677809F71980a25836B326686e55B013108a1,0xa33B95ea28542Ada32117B60E4F5B4cB7D1Fc19B,0xaE96fF08771a109dc6650a1BdCa62F2d558E40af,bibbtc/sbtcCRV-f,9.704810907683320000,9704810907683322851,9.806452692,0,0,0,0,0,0,548412.1992
stolen,0xe4c43b891883ddfb9a7ca074a25c74776113c58034c96e75a0b7a2b68f54ae11,0xd2F2f6b0F48e7a12496D8C9f7A2C18e6b76e49e0,0xa33B95ea28542Ada32117B60E4F5B4cB7D1Fc19B,0xaE96fF08771a109dc6650a1BdCa62F2d558E40af,bibbtc/sbtcCRV-f,9.613994802550870000,9613994802550872755,9.714685439,0,0,0,0,0,0,543280.2434
stolen,0x3ba2c04f4b7b394bbe768fee59356afb6b74504326de12d14df5acf1f752206a,0xA41F3ACD3f6549D929674283C1C37b09B4EC27Ff,0x1B1b391D1026A4e3fB7F082ede068B25358a61F2,0xaE96fF08771a109dc6650a1BdCa62F2d558E40af,bibbtc/sbtcCRV-f,9.291601610294600000,9291601610294606094,9.388915713,0,0,0,0,0,0,525062.0256
stolen,0x4084a8f82b93d92eb934afd3d2e86dbc8f47799aaac8c2320728b6442b1eb793,0x0443180451b462bDC5E09Fc910712f10E90d8a62,0x4fbf7701b3078B5bed6F3e64dF3AE09650eE7DE5,0x937B8E917d0F36eDEBBA8E459C5FB16F3b315551,bbveCVX-CVX-f,"20,247.466265437400000000",20247466265437467240784,0,0,0,0,0,20247.46627,0,524406.8807
stolen,0x1eb6c169c1aff7c5e7b7e1b8116c6661e950455ff05e18058e274e393b24ed04,0xe649EDCB64ea6512A95b150dA18bfD20C84bC549,0xa33B95ea28542Ada32117B60E4F5B4cB7D1Fc19B,0xaE96fF08771a109dc6650a1BdCa62F2d558E40af,bibbtc/sbtcCRV-f,8.953185152846420000,8953185152846427392,9.046954905,0,0,0,0,0,0,505938.344
stolen,0x699035a3713a69856866c9dde37d03f5f880c6e57e02cd6f023e24ae0b340426,0xC610D02270c39a0581fE0137F5E93Ae5053D3c66,0x2eF1b70F195fd0432f9C36fB2eF7C99629B0398c,0x88128580ACdD9c04Ce47AFcE196875747bF2A9f6,bSlpDiggWbtc,0.000000002506356308,2506356308,4.761438865,0,4.423588411,0,0,0,0,501169.3241
stolen,0x60a22198341b06c79a4cf3ab4a1807e6969490e36c8a4856078062ad84847c5e,0x531A5Ef1f48834cbaADCffe8c4e7Dd0D51dB9EDF,0x0B88A083dc7b8aC2A84eBA02E4acb2e5f2d3063C,0x4b92d19c11435614CD49Af1b589001b7c08cD4D5,byvWBTC,8.232784960000000000,823278496,8.369583796,0,0,0,0,0,0,476463.6664
stolen,0xe42151b811ff73ee02da260047afdfe85420ac292864118c631bcae71fbc7ccc,0xD50f649a2c9fD7AE88C223DA80e985D71DE45593,0x1B1b391D1026A4e3fB7F082ede068B25358a61F2,0xfd05D3C7fe2924020620A8bE4961bBaA747e6305,bveCVX,"18,042.519867472100000000",18042519867472171485451,0,0,0,0,0,18042.51987,0,467120.8394
stolen,0xc075745220005b50d3966d01bbe86b89e1d9094d77bd5c2903e7bb18b5d3aeb3,0xf46a1F58CF4dfA84a34B7253C04B4B9fce3B5F73,0x2eF1b70F195fd0432f9C36fB2eF7C99629B0398c,0x19D97D8fA813EE2f51aD4B4e04EA08bAf4DFfC28,bBADGER,"16,009.841560510400000000",16009841560510462167277,0,19770.2602,0,0,0,0,0,441469.9099
stolen,0xfe2dbcf129a9f3915307763b4a494ed9e7283ec5993be66a743b7a6a4bfa3665,0x42929deB1c01e8B2D1466C5572E517B4456e4AC2,0xa33B95ea28542Ada32117B60E4F5B4cB7D1Fc19B,0xaE96fF08771a109dc6650a1BdCa62F2d558E40af,bibbtc/sbtcCRV-f,7.567506647980910000,7567506647980920272,7.646763718,0,0,0,0,0,0,427634.6033
stolen,0x39654073a14cce8d32f5ae1fdedd1b57b83d5ab755c8badb040208b1a3ce9c0e,0x6314Ec8d6bCB8cE2344eB462610ac21692a81f79,0xa33B95ea28542Ada32117B60E4F5B4cB7D1Fc19B,0xaE96fF08771a109dc6650a1BdCa62F2d558E40af,bibbtc/sbtcCRV-f,7.441420644278050000,7441420644278053775,7.519357173,0,0,0,0,0,0,420509.5699
stolen,0x6e09d0903deff27db1e7815eb8694517307f1cd8ba89168b431c1e98dc6a4ec6,0x6c0Cf880cB20EefabFB09341Fba9e2Bd29ad3DFA,0x1B1b391D1026A4e3fB7F082ede068B25358a61F2,0x7e7E112A68d8D2E221E11047a72fFC1065c38e1a,bDIGG,42.925705431563400000,42925705431563449805,0,0,8.00478248,0,0,0,0,419113.3797
stolen,0xa766811171de075e778bfe81ddd58123e9e057c22b776fbcb974288a0a435f8c,0x0b0E1670e2a5cfb56898760403C912402c9e597a,0xa33B95ea28542Ada32117B60E4F5B4cB7D1Fc19B,0xaE96fF08771a109dc6650a1BdCa62F2d558E40af,bibbtc/sbtcCRV-f,7.379081237419160000,7379081237419164995,7.456364864,0,0,0,0,0,0,416986.8128
stolen,0x821184f4e8426a16880a5df88787b989ee6cd651a64f4b278dfc7b8cde67ed7a,0xaEBCc707edac413af8782c5bB1A29A6B2d904719,0xa33B95ea28542Ada32117B60E4F5B4cB7D1Fc19B,0xaE96fF08771a109dc6650a1BdCa62F2d558E40af,bibbtc/sbtcCRV-f,6.225941666557680000,6225941666557680820,6.29114807,0,0,0,0,0,0,351823.6876
stolen,0x6705ebd0a9b52ae81463a8f23e2c43d704404c60d2a8b7f2dd443e98a554616f,0xFdbBfB0Fe2986672af97Eca0e797D76A0bbF35c9,0x1B1b391D1026A4e3fB7F082ede068B25358a61F2,0x7e7E112A68d8D2E221E11047a72fFC1065c38e1a,bDIGG,34.825707264821100000,34825707264821192567,0,0,6.494295401,0,0,0,0,340027.49
stolen,0xcde7c75a458b63db1c12d37511d4457f40bc715c5b70d878cef698aa307f93b6,0xA77d0868A5604D3B525Cd323cA4cB04D6d11F279,0xa33B95ea28542Ada32117B60E4F5B4cB7D1Fc19B,0xaE96fF08771a109dc6650a1BdCa62F2d558E40af,bibbtc/sbtcCRV-f,5.920255291867810000,5920255291867811609,5.982260138,0,0,0,0,0,0,334549.5605
stolen,0xdd9828dc5784b2ce6382de0efa1d6a2e5bd1a17a5f29f33eeac73cc13cb26ac5,0xCba1A275e2D858EcffaF7a87F606f74B719a8A93,0xa33B95ea28542Ada32117B60E4F5B4cB7D1Fc19B,0xaE96fF08771a109dc6650a1BdCa62F2d558E40af,bibbtc/sbtcCRV-f,5.866742849997310000,5866742849997313728,5.928187242,0,0,0,0,0,0,331525.6092
stolen,0x0ff10963790339b23f35e90ef1950f19dde44d68c421a204408f42d30dcabf0b,0x604eB5D4126E3318EC27721Bd5059307684F5C89,0x2eF1b70F195fd0432f9C36fB2eF7C99629B0398c,0x27E98fC7d05f54E544d16F58C194C2D7ba71e3B5,bcrv3crypto,168.645701159400000000,168645701159400465582,1.925983765,0,0,24.10481205,109620.9202,0,0,327232.461
stolen,0x7136d56ecb527c6bc0cd2635959690643eba30c1e1db7f28d892c19afb2f54cb,0x7df6C4aA3144d6f5335f49bF8383f3deE6ca7334,0xa33B95ea28542Ada32117B60E4F5B4cB7D1Fc19B,0xaE96fF08771a109dc6650a1BdCa62F2d558E40af,bibbtc/sbtcCRV-f,5.714287306549010000,5714287306549011118,5.77413498,0,0,0,0,0,0,322910.4511
stolen,0x164f4f46f84c84260ef1ac2676e8c9e673741dbc6c19b3b6e4de9a23b2ca6812,0x82d8d99955e38239d865A9dd0D44EF5DD06bA99c,0xa33B95ea28542Ada32117B60E4F5B4cB7D1Fc19B,0xaE96fF08771a109dc6650a1BdCa62F2d558E40af,bibbtc/sbtcCRV-f,5.530949684810240000,5530949684810244503,5.588877201,0,0,0,0,0,0,312550.168
stolen,0x805157d9546c4671aa0b630ed442fb8ec7ba5b1308b10149efb3336839a21cdc,0x22866c5c7F2b5475Cff41465C53aA813b4c22B13,0x1B1b391D1026A4e3fB7F082ede068B25358a61F2,0x88128580ACdD9c04Ce47AFcE196875747bF2A9f6,bSlpDiggWbtc,0.000000001521814783,1521814783,2.891060632,0,2.685923871,0,0,0,0,304301.062
stolen,0x4670742557a34b6794fd7b64d53b087ed77ec32d250d99b959cdd382bcad0c1a,0xF2B8C142Edcf2f3Cc22665cCE863a7C9A3E9F156,0xe06eD65924dB2e7b4c83E07079A424C8a36701E5,0x599D92B453C010b1050d31C364f6ee17E819f193,bimBTC,49.749983579281600000,49749983579281601374,49.92405628,0,0,0,0,0,0,293442.809
stolen,0x33dbfefb1e6d40bbbe0c05f5683720f81cc4c7cc3141e848f5c5d72c3a96b4e8,0x349Fa05334c0A0eDc9D34aCf088F8b85C87ED9b7,0xa33B95ea28542Ada32117B60E4F5B4cB7D1Fc19B,0xaE96fF08771a109dc6650a1BdCa62F2d558E40af,bibbtc/sbtcCRV-f,5.158581994618700000,5158581994618703354,5.212609578,0,0,0,0,0,0,291507.9256
stolen,0x023093af072c64cd44d4a2bbe90447170b25073887fea77089a2513fb4dd25a7,0x87885AaEEdED51C7e3858a782644F5d89759f245,0xa33B95ea28542Ada32117B60E4F5B4cB7D1Fc19B,0xaE96fF08771a109dc6650a1BdCa62F2d558E40af,bibbtc/sbtcCRV-f,5.063053965051200000,5063053965051206539,5.116081051,0,0,0,0,0,0,286109.7023
stolen,0x0ea48916c337db6b7016db998e4b2205de73c541046cbff9999bb3c2e956fae6,0x097790D228a564CBC7012F082CbCbc28288397BD,0x0B88A083dc7b8aC2A84eBA02E4acb2e5f2d3063C,0x4b92d19c11435614CD49Af1b589001b7c08cD4D5,byvWBTC,4.920219020000000000,492021902,5.001975101,0,0,0,0,0,0,284752.4386
stolen,0x1606e3ed285173647e5225eed5efbaed5c26a7ccb2688bf91eee3bd4bdce77dd,0xB5cC3308C8E0F12fCCCa72e0fA3C8C20518c11e7,0x1B1b391D1026A4e3fB7F082ede068B25358a61F2,0xfd05D3C7fe2924020620A8bE4961bBaA747e6305,bveCVX,"10,868.760170822800000000",10868760170822880349784,0,0,0,0,0,10868.76017,0,281392.2008
stolen,0xcaa484ae2c31b172016a88aa3252db1dc7a89ab67b8b82203643bba33458fb72,0x465b357Bbac5F6f3BC78669Db6980f9Eaa21D0C2,0xa33B95ea28542Ada32117B60E4F5B4cB7D1Fc19B,0xaE96fF08771a109dc6650a1BdCa62F2d558E40af,bibbtc/sbtcCRV-f,4.710446232207500000,4710446232207502435,4.759780337,0,0,0,0,0,0,266184.0815
stolen,0xd989d47da5352400492598fdbfb33309d6b1f60574c4c3b7adb6fb1928fb1547,0x7Ed7888f3bF70ED07f94Fd7381D39476928331F7,0x1B1b391D1026A4e3fB7F082ede068B25358a61F2,0xfd05D3C7fe2924020620A8bE4961bBaA747e6305,bveCVX,"10,171.240584610900000000",10171240584610973064056,0,0,0,0,0,10171.24058,0,263333.4187
stolen,0xdb4dfdeeff4058ecd2617042180eb03cb25078ab8081ed46365349918733f816,0xb3F09f6D5D1d22579383e56123B7C360F343e255,0xa33B95ea28542Ada32117B60E4F5B4cB7D1Fc19B,0xaE96fF08771a109dc6650a1BdCa62F2d558E40af,bibbtc/sbtcCRV-f,4.503261036494610000,4503261036494615355,4.55042522,0,0,0,0,0,0,254476.1883
stolen,0xb179121b991df3b7e91e1432d5cc962f987520d042bfc4b9acc541d4650d2d54,0x26A22514d3Ac0B05E2F4f04dF96EF302ba434cBE,0x1B1b391D1026A4e3fB7F082ede068B25358a61F2,0x2B5455aac8d64C14786c3a29858E43b5945819C0,bcvxCRV,"42,537.289425938100000000",42537289425938194048052,0,0,0,0,0,0,53277.93501,253070.1921
stolen,0x7eced280e330a2f6ad08dc89ae438dfc6ee11367339cce48b016ad8e98b4ed46,0xC255E0a1Be0A4B7B8Bf5EBE8d0Aba162CF75bae2,0xEcD91D07b1b6B81d24F2a469de8e47E3fe3050fd,0x1862A18181346EBd9EdAf800804f89190DeF24a5,bSlpBadgerWbtc,0.000718292677040534,718292677040534,2.435765848,5104.713774,0,0,0,0,0,251714.0771
stolen,0xa2097d50e2ee497e5e4f3551958e87f38f4af08719703ce52e3cb499f32a6c5c,0xB1C120957a5b5C45A15fd6e5E17f5A2B70bF49d0,0x4fbf7701b3078B5bed6F3e64dF3AE09650eE7DE5,0x758A43EE2BFf8230eeb784879CdcFF4828F2544D,bSlpWbtcEth,0.000003072023078334,3072023078334,2.12803678,0,0,26.55771576,0,0,0,242348.1457
stolen,0x7cff3697ab53cb03bea87ab9a6dac5cbceda48a9515f4dc5e2afa40476b30dca,0xf740094c0974cAFc66a99d397Cebb0012551Ad33,0xa33B95ea28542Ada32117B60E4F5B4cB7D1Fc19B,0xaE96fF08771a109dc6650a1BdCa62F2d558E40af,bibbtc/sbtcCRV-f,4.283403933494250000,4283403933494250539,4.328265479,0,0,0,0,0,0,242052.2145
stolen,0x59edf13486dbaeb6d6e4f27e58d9de3c4d4b39be5fc00e6097108c04d830411c,0x10bF46c783e12b63766Dc07a71408b44d8D3621E,0xa33B95ea28542Ada32117B60E4F5B4cB7D1Fc19B,0xaE96fF08771a109dc6650a1BdCa62F2d558E40af,bibbtc/sbtcCRV-f,4.254935775743060000,4254935775743059510,4.299499165,0,0,0,0,0,0,240443.4984
stolen,0xf52516b92273454f6a2d6fe69f90d23f5240d0fde8ca002c6db46dbaabe80723,0x596A7F60a430d3ea672EbD0268CD414A6607B463,0xa33B95ea28542Ada32117B60E4F5B4cB7D1Fc19B,0xaE96fF08771a109dc6650a1BdCa62F2d558E40af,bibbtc/sbtcCRV-f,4.187252871587410000,4187252871587417498,4.231107394,0,0,0,0,0,0,236618.784
stolen,0x13bb4c1521bf4abb00648dd48df789fb42524e08ee227aef38c6da328fd61bf6,0x59962c3078852Ff7757babf525F90CDffD3FdDf0,0x2eF1b70F195fd0432f9C36fB2eF7C99629B0398c,0x2260FAC5E5542a773Aa44fBCfeDf7C193bc2C599,WBTC,4.036411350000000000,403641135,4.03641135,0,0,0,0,0,0,229752.534
stolen,0xeba303fc672041ece390ad729b34464fb0bfe88b6e0bf9dbe0a59bcec3d59c79,0x0ECE7c1BfC9543B2cbeA8F5577d02E5f59a9f176,0x2eF1b70F195fd0432f9C36fB2eF7C99629B0398c,0x26B8efa69603537AC8ab55768b6740b67664D518,bfPmBTC/HBTC,3.967006087106280000,3967006087106289862,4.008594632,0,0,0,0,0,0,229486.9906
stolen,0x735ed9938b5143fb0ea2a45a850ad29138243dcdfc59c545f6fceca7aae1d732,0x97389c19fF30369A8daaEf2298AFc2947b4aD362,0x1B1b391D1026A4e3fB7F082ede068B25358a61F2,0x7e7E112A68d8D2E221E11047a72fFC1065c38e1a,bDIGG,22.067622734886800000,22067622734886814060,0,0,4.11516871,0,0,0,0,215461.4782
stolen,0xfd6b17e461521fafd1cca2d4c277e2cc0c8b55564f78323156f6f8ef2eec804e,0x2Bf863a129Cd3FafFCFC6E7caA49588d446B2af3,0x2eF1b70F195fd0432f9C36fB2eF7C99629B0398c,0x27E98fC7d05f54E544d16F58C194C2D7ba71e3B5,bcrv3crypto,107.010951737997000000,107010951737997039320,1.222096705,0,0,15.29525426,69557.88926,0,0,207639.1918
stolen,0x42b7b0d1de0518402e9e3334fee4d24246096408de5cd4b41ac8e9d2cd1f4f2f,0x7AA1feD31FF356dBA66f551c232b5770442b41Aa,0x0B88A083dc7b8aC2A84eBA02E4acb2e5f2d3063C,0x4b92d19c11435614CD49Af1b589001b7c08cD4D5,byvWBTC,3.517405570000000000,351740557,3.575852012,0,0,0,0,0,0,203566.1033
stolen,0x0ca13076a73bc4a542a67ef1fb5108f1ad23750ad7d6f815ce29a6e06a958a15,0x48563b586c509FAEa52e17CC42F83f14b1D3759b,0xa33B95ea28542Ada32117B60E4F5B4cB7D1Fc19B,0xaE96fF08771a109dc6650a1BdCa62F2d558E40af,bibbtc/sbtcCRV-f,3.512073147237390000,3512073147237393423,3.548856283,0,0,0,0,0,0,198464.8415
stolen,0x40f2adf55f0ae803d746538708df9cf3a9950ae9ec1f8ed734c99e6c119ffd94,0xd2c69Cd5D740BC735eB30188d3B406e2774A1D21,0xa33B95ea28542Ada32117B60E4F5B4cB7D1Fc19B,0x19D97D8fA813EE2f51aD4B4e04EA08bAf4DFfC28,bBADGER,"6,805.849389574050000000",6805849389574058743759,0,8404.418796,0,0,0,0,0,187670.6715
stolen,0x2c0e75656d5c89177b982c0eb44dac614d116b0a7a5c1e3919e59e0a4d480d9d,0xd87EcC6C74F486B044824a222326A96F696fCfA2,0xa33B95ea28542Ada32117B60E4F5B4cB7D1Fc19B,0xfd05D3C7fe2924020620A8bE4961bBaA747e6305,bveCVX,"6,985.618362681730000000",6985618362681735752343,0,0,0,0,0,6985.618363,0,180857.6594
stolen,0x189d413dd5dd68ce4c2ab314a8070b583c55dd0af062010edafa17ded1053cc6,0xB15F67621Eb58f12865E327edf0c850bD75a0b57,0xa33B95ea28542Ada32117B60E4F5B4cB7D1Fc19B,0xaE96fF08771a109dc6650a1BdCa62F2d558E40af,bibbtc/sbtcCRV-f,3.074840816212110000,3074840816212118861,3.107044669,0,0,0,0,0,0,173757.1427
stolen,0x06df17f88667c8b70a58a06ad46cfa44d97b917940703e33ed6e1a616393da5a,0x4a7fD8f063A6EbA78F731f562a5a1E9fBB3313Bb,0x1B1b391D1026A4e3fB7F082ede068B25358a61F2,0xaE96fF08771a109dc6650a1BdCa62F2d558E40af,bibbtc/sbtcCRV-f,3.045219197809310000,3045219197809310406,3.077112814,0,0,0,0,0,0,172083.2454
stolen,0x2898dd443a266a955e545cd21436394cec584a09915124ce759b73384457006b,0x0079CE80043EDc3325598e4A3b6293ab779bf174,0x4fbf7701b3078B5bed6F3e64dF3AE09650eE7DE5,0x2260FAC5E5542a773Aa44fBCfeDf7C193bc2C599,WBTC,2.777403280000000000,277740328,2.77740328,0,0,0,0,0,0,158089.7947
stolen,0x072ef1a7c10d3c3dec19a1089004e1f5abac4f5f99187c04b5212b7f7972ba7a,0x0716266cC5D3c443e30b0c4E9C72AFA33778E1de,0xbbfD8041EbDE22A7f3e19600B4bab4925Cc97f7D,0x27E98fC7d05f54E544d16F58C194C2D7ba71e3B5,bcrv3crypto,81.342592237548500000,81342592237548524865,0.9289564511,0,0,11.62643272,52873.27074,0,0,157833.4725
stolen,0x7159f5919d42c51ead70c9a37317533182a9723ba734d00810ddaab7ed3638d5,0x6B92686c40747C85809a6772D0eda8e22a77C60c,0x1B1b391D1026A4e3fB7F082ede068B25358a61F2,0xaE96fF08771a109dc6650a1BdCa62F2d558E40af,bibbtc/sbtcCRV-f,2.479167966719920000,2479167966719924322,2.505133136,0,0,0,0,0,0,140096.0791
stolen,0xd4028f850a2a5776d04bee29c76380bec1c28cf799304842fb1abab04bb00837,0xdc308F2d2f00889041e74B9C3d6e6B8Ad57d81de,0x0B88A083dc7b8aC2A84eBA02E4acb2e5f2d3063C,0x88128580ACdD9c04Ce47AFcE196875747bF2A9f6,bSlpDiggWbtc,0.000000000699365686,699365686,1.328616744,0,1.234344029,0,0,0,0,139844.6929
stolen,0xabbfdd184d4c825bc1bc5ee8547b597660f357ce79d8ff21e7a2f04a7a03cfb9,0xD4e84e1A4907190e3F9718adfbd1f00B0b9BE7d8,0x1B1b391D1026A4e3fB7F082ede068B25358a61F2,0xaE96fF08771a109dc6650a1BdCa62F2d558E40af,bibbtc/sbtcCRV-f,2.395127997928350000,2395127997928352585,2.420212988,0,0,0,0,0,0,135347.0382
stolen,0x931221f5ed4a3e9d8c1c55a0c9993c7e90bb7dcc35383de0fff09fa440a19eb5,0x905DeFDEC5eB4f6Cd9d9ec4d4C52fc330EF2026B,0xa33B95ea28542Ada32117B60E4F5B4cB7D1Fc19B,0xfd05D3C7fe2924020620A8bE4961bBaA747e6305,bveCVX,"5,000.001124879390000000",5000001124879399466971,0,0,0,0,0,5000.001125,0,129450.0291
stolen,0x6ab5f9614fcd8a5f5f48ac95f6dabf43a971d83331db46405ef6677e75d4e20d,0x0f06B02D62f9d6015C6A76C2f0977debb56961bF,0x1B1b391D1026A4e3fB7F082ede068B25358a61F2,0xaE96fF08771a109dc6650a1BdCa62F2d558E40af,bibbtc/sbtcCRV-f,2.233532966705680000,2233532966705681947,2.256925517,0,0,0,0,0,0,126215.414
stolen,0x5c788edf62bf281c9012a8a1668debd80f75a6d12e38d912c19ff228e6a19bba,0x1fafb618033Fb07d3a99704a47451971976CB586,0xbbfD8041EbDE22A7f3e19600B4bab4925Cc97f7D,0xcD7989894bc033581532D2cd88Da5db0A4b12859,ulpWbtcBadger,0.000448786158583340,448786158583340,1.367545891,2889.586753,0,0,0,0,0,121320.6512
stolen,0xde143cdd961497a4a51f5deb6c356da2007c458525f1cd80bef80d7eb029f7a4,0x138Dd537D56F2F2761a6fC0A2A0AcE67D55480FE,0x1B1b391D1026A4e3fB7F082ede068B25358a61F2,0xaE96fF08771a109dc6650a1BdCa62F2d558E40af,bibbtc/sbtcCRV-f,2.141888112759070000,2141888112759072445,2.164320835,0,0,0,0,0,0,121036.6262
stolen,0xac2498da14644b26682064ac9f0476acb5bbfd37ff7313ee050b84d02497a7d2,0xb84848Ce4a46a44f06864B5deCc2fe07b842CF30,0x1B1b391D1026A4e3fB7F082ede068B25358a61F2,0xaE96fF08771a109dc6650a1BdCa62F2d558E40af,bibbtc/sbtcCRV-f,2.131083673893870000,2131083673893874268,2.153403238,0,0,0,0,0,0,120426.0748
stolen,0x9eb29f356ffa8049fdf50f35279fccc81b2f49c3d4ad25274c4a5f8a218f60c2,0xDEF090607C0628Eb1c36bE11038e68e0d34d44d5,0x4fbf7701b3078B5bed6F3e64dF3AE09650eE7DE5,0x1862A18181346EBd9EdAf800804f89190DeF24a5,bSlpBadgerWbtc,0.000331797138485382,331797138485382,1.125140439,2357.993444,0,0,0,0,0,116272.9528
stolen,0x80f1b2f82b0af385101bd7d7a1a7e2675c406825de0caeffd65b4ad38cbaa192,0x9E9386b977144D88033D8C2b5D1e3529E5b66aB2,0x0B88A083dc7b8aC2A84eBA02E4acb2e5f2d3063C,0x88128580ACdD9c04Ce47AFcE196875747bF2A9f6,bSlpDiggWbtc,0.000000000575505273,575505273,1.093313495,0,1.015736848,0,0,0,0,115077.6479
stolen,0xb8efd218887b0a210e0235f09cba1aea70641ea12f257b732c7269292268ab95,0x2Ee8670d2b936985D5fb1EE968810c155D3bB9cA,0xbbfD8041EbDE22A7f3e19600B4bab4925Cc97f7D,0x599D92B453C010b1050d31C364f6ee17E819f193,bimBTC,19.414395705173300000,19414395705173338786,19.48232571,0,0,0,0,0,0,114512.8983
stolen,0x7eb30ec28db4ae14df657820f7db84c45b5c5a359e10e4c3ffbdf22bd568ce13,0x1Fe850e040df04f5866912d33d1bffd3179bf369,0x0B88A083dc7b8aC2A84eBA02E4acb2e5f2d3063C,0xd04c48A53c111300aD41190D63681ed3dAd998eC,bcrvRenWSBTC,1.954924758859170000,1954924758859171543,2.003119831,0,0,0,0,0,0,114255.0318
stolen,0x1b287fb92f1f0331568cebd5d4edbd22de1a8ba7c4713a9f2788424d5ee43a0a,0x5275817b74021E97c980E95EdE6bbAc0D0d6f3a2,0x1B1b391D1026A4e3fB7F082ede068B25358a61F2,0xaE96fF08771a109dc6650a1BdCa62F2d558E40af,bibbtc/sbtcCRV-f,2.018039449053690000,2018039449053697154,2.039175062,0,0,0,0,0,0,114038.0233
stolen,0x27d7f2fd0da73cf3b3170ff696dbba3f795ee5d35ecfea93c790840a32e52913,0x630CF545B04b6458faDC98654681456009f19478,0x4fbf7701b3078B5bed6F3e64dF3AE09650eE7DE5,0x6dEf55d2e18486B9dDfaA075bc4e4EE0B28c1545,bcrvRenWBTC,1.938782864727950000,1938782864727950407,2.000883216,0,0,0,0,0,0,114021.0525
stolen,0x7ac09239ba1991092cf1de3687b24c6613d8248ae93be3195c2e94650eec3427,0x6B68b7652a32afF234C17796afcEA800d54e3428,0x1B1b391D1026A4e3fB7F082ede068B25358a61F2,0xaE96fF08771a109dc6650a1BdCa62F2d558E40af,bibbtc/sbtcCRV-f,2.003810122238030000,2003810122238035032,2.024796707,0,0,0,0,0,0,113233.9338
stolen,0xa9c697ff293c3f594d136ea4a198bc58a73243616bb25864a2b446fde0f9593f,0xC9e8212b505f7463B3356855D452Cb0fA6E2B481,0x1B1b391D1026A4e3fB7F082ede068B25358a61F2,0xaE96fF08771a109dc6650a1BdCa62F2d558E40af,bibbtc/sbtcCRV-f,2.001339817987410000,2001339817987413891,2.02230053,0,0,0,0,0,0,113094.3386
stolen,0x065808bcf1af22c2a547e27c490d662f46a67746c19b4239cf78138953721e37,0x152b8c153E4F18bFE1CB3F2eAa563813c758e279,0x0B88A083dc7b8aC2A84eBA02E4acb2e5f2d3063C,0x88128580ACdD9c04Ce47AFcE196875747bF2A9f6,bSlpDiggWbtc,0.000000000564485614,564485614,1.072378948,0,0.9962877234,0,0,0,0,112874.1643
stolen,0x49ea647c6b4b12f45f329ce3b675c7cde0e7fa6a7f02eae4b72c3ed17206f856,0xAABd5fBcb8ad62D4FbBB02a2E9769a9F2EE7e883,0x1B1b391D1026A4e3fB7F082ede068B25358a61F2,0xaE96fF08771a109dc6650a1BdCa62F2d558E40af,bibbtc/sbtcCRV-f,1.816936815565900000,1816936815565909596,1.835966213,0,0,0,0,0,0,102673.8516
stolen,0xd9d361d60bc468fce5a516108d90b25c8e1994662b09356bc809c09da2e89eb2,0xaAD747958F996B22F360fD1d0e3BA56eFD477C1f,0x4fbf7701b3078B5bed6F3e64dF3AE09650eE7DE5,0x1862A18181346EBd9EdAf800804f89190DeF24a5,bSlpBadgerWbtc,0.000285933998224524,285933998224524,0.9696162718,2032.056383,0,0,0,0,0,100200.9554
stolen,0xc780b130437d965a3ed5d6f3db1a21a5777cf16e766724fe6b79bb658091c737,0x5443ab072067e1aD408D7027a236b184472f4122,0x0B88A083dc7b8aC2A84eBA02E4acb2e5f2d3063C,0x88128580ACdD9c04Ce47AFcE196875747bF2A9f6,bSlpDiggWbtc,0.000000000500754730,500754730,0.9513064945,0,0.8838060308,0,0,0,0,100130.5795
stolen,0xcd9ea6341cb7d5b0e7b361f6f2962416d2da2c1f4d2262eb574188b07d93682d,0xC48b8E56D0CC0334a9A9d532b3DA3471455D5B6C,0x1B1b391D1026A4e3fB7F082ede068B25358a61F2,0x4b92d19c11435614CD49Af1b589001b7c08cD4D5,byvWBTC,1.726543570000000000,172654357,1.755232422,0,0,0,0,0,0,99921.87133
stolen,0x5d237c59901de6062586f25416b695451da413797b322b21f36f9f7e421d593d,0x02c9Ce7204250085bC0e5416c7DBcBC1B255cf59,0x691dA2826AC32BBF2a4b5d6f2A07CE07552A9A8E,0xFbdCA68601f835b27790D98bbb8eC7f05FDEaA9B,ibbtc/sbtcCRV-f,1.761809905121820000,1761809905121823082,1.780261939,0,0,0,0,0,0,99560.46153
stolen,0x6c4ecdbb356343917828563173ab077556f12aaf96c54ced06f9a620a4669223,0x8CB33d13e9270910ce9475C48aEC8ACd6C18767b,0x1B1b391D1026A4e3fB7F082ede068B25358a61F2,0xaE96fF08771a109dc6650a1BdCa62F2d558E40af,bibbtc/sbtcCRV-f,1.733313040580200000,1733313040580205837,1.751466617,0,0,0,0,0,0,97948.32949
stolen,0x88cce6d2f745477e7236aa24d4b935ccee2463581cd76a9e04a4068dd0b89b3d,0x785b70b908E1458bDAe818C03D7B8e6688B025E6,0x4fbf7701b3078B5bed6F3e64dF3AE09650eE7DE5,0x1862A18181346EBd9EdAf800804f89190DeF24a5,bSlpBadgerWbtc,0.000275879940990274,275879940990274,0.9355224685,1960.60489,0,0,0,0,0,96677.67326
stolen,0xb1b765dc82335eff6cbf63e0f7d2e050bdadbf1244ae48072703adf76d8f2c27,0x564B31Fe75510a1ADB311AeCE4FAa63346Ed142C,0x1B1b391D1026A4e3fB7F082ede068B25358a61F2,0xaE96fF08771a109dc6650a1BdCa62F2d558E40af,bibbtc/sbtcCRV-f,1.684309511957590000,1684309511957590525,1.701949858,0,0,0,0,0,0,95179.17374
stolen,0x79dabcab2aa8d8a1ee39a2ca557c4252fb6aa08063345360329ea268093585a3,0x9b54264D7502f80163EA949038aAd771EAe67E38,0x1B1b391D1026A4e3fB7F082ede068B25358a61F2,0xaE96fF08771a109dc6650a1BdCa62F2d558E40af,bibbtc/sbtcCRV-f,1.639419958083270000,1639419958083272799,1.656590161,0,0,0,0,0,0,92642.49588
stolen,0x5d220d0cfc5879fb111c990b874e5d43a07524537efbb63afd810356a0b30f88,0x89Cff61026f6743b8d25ae9B253582083136B1C4,0x1B1b391D1026A4e3fB7F082ede068B25358a61F2,0xaE96fF08771a109dc6650a1BdCa62F2d558E40af,bibbtc/sbtcCRV-f,1.600685955606670000,1600685955606670347,1.617450484,0,0,0,0,0,0,90453.664
stolen,0xd0f8583d1bcbf4f0890e71521412204e14785a5defc2c59e0bd90df9878ac63d,0x8f9bE4310f9AbB0E5843Cc6363908C9B01dfeB3F,0x1B1b391D1026A4e3fB7F082ede068B25358a61F2,0xaE96fF08771a109dc6650a1BdCa62F2d558E40af,bibbtc/sbtcCRV-f,1.593112336841430000,1593112336841431404,1.609797544,0,0,0,0,0,0,90025.68401
stolen,0x787e32bb4d27bed9ff331b8cc0596967ae5cfa53018d3b681617be153c6765c1,0x806603F47D3EA5BdBc9e4AD5d07562FA67002043,0x4fbf7701b3078B5bed6F3e64dF3AE09650eE7DE5,0x3472A5A71965499acd81997a54BBA8D852C6E53d,BADGER,"4,014.342754708710000000",4014342754708710792605,0,4014.342755,0,0,0,0,0,89704.28923
stolen,0x1982ad468429191a9b037f4ab87dcf71a0e3089ea88c98574e64a06373e68c5e,0x3Fc3E6514fD4925f55fB3Ae17bbfbca2eb126608,0x1B1b391D1026A4e3fB7F082ede068B25358a61F2,0x2260FAC5E5542a773Aa44fBCfeDf7C193bc2C599,WBTC,1.363028070000000000,136302807,1.36302807,0,0,0,0,0,0,77583.55774
stolen,0x26f6539450ae631929eb42b073fd06aca6a826db1bfe42b5b32c27e62ea6f244,0x0b0E1670e2a5cfb56898760403C912402c9e597a,0xa33B95ea28542Ada32117B60E4F5B4cB7D1Fc19B,0x19D97D8fA813EE2f51aD4B4e04EA08bAf4DFfC28,bBADGER,"2,719.252342638020000000",2719252342638026938939,0,3357.954928,0,0,0,0,0,74983.13347
stolen,0xb4d94c8816b2d41c4d886dfa284c55efe8054cbb2cf6ae4c1b0c8688ed8bdbc0,0x8F5db667276e9d805bF5aDb315374f8fa299699E,0xEcD91D07b1b6B81d24F2a469de8e47E3fe3050fd,0x2B5455aac8d64C14786c3a29858E43b5945819C0,bcvxCRV,"12,554.847609414800000000",12554847609414861811193,0,0,0,0,0,0,15724.94073,74693.4687
stolen,0xd609a8d1d1bf8beac4c018d5d87e03202d481c91ba56280582d31f38fde10c8c,0x421A8A0C6388FaA1550E2636538d8d7605a8cEde,0x0B88A083dc7b8aC2A84eBA02E4acb2e5f2d3063C,0x88128580ACdD9c04Ce47AFcE196875747bF2A9f6,bSlpDiggWbtc,0.000000000372116465,372116465,0.7069265424,0,0.6567661896,0,0,0,0,74408.15844
stolen,0x203b14c81552f2d44fb9e33561eb1d426778f67e45c7320be26ae884d55c01b4,0xD5431FecbB14f20f8Ee68360b586D84D589F9f77,0x0B88A083dc7b8aC2A84eBA02E4acb2e5f2d3063C,0x88128580ACdD9c04Ce47AFcE196875747bF2A9f6,bSlpDiggWbtc,0.000000000363979901,363979901,0.6914691423,0,0.6424055777,0,0,0,0,72781.17656
stolen,0xc64b9a67303a8bcfa874f490605497efb9db16cdf2923fcff98b2cca728ba774,0xC38899D01dC59A92e38cbe5FeeC9FADD0eb063B9,0x1B1b391D1026A4e3fB7F082ede068B25358a61F2,0xaE96fF08771a109dc6650a1BdCa62F2d558E40af,bibbtc/sbtcCRV-f,1.227333932182350000,1227333932182353610,1.240188218,0,0,0,0,0,0,69355.79758
stolen,0x1c7f2180f99596fa764ba773de20f31609919c97d69a2d4fbba1a5f15bc1eec2,0xc0DAcf029bc8c4753dBfDf9aF8408D02bcA4e8B3,0x691dA2826AC32BBF2a4b5d6f2A07CE07552A9A8E,0x26B8efa69603537AC8ab55768b6740b67664D518,bfPmBTC/HBTC,1.147940822038800000,1147940822038804693,1.159975386,0,0,0,0,0,0,66407.12891
stolen,0x31fa8eb32c403f0960f0991485c6c1adf724aa3c418a1d0864a113b581a11cdb,0x18D1EB6F4a74aB1d4704ec1688d87047efDb83D5,0x1B1b391D1026A4e3fB7F082ede068B25358a61F2,0xaE96fF08771a109dc6650a1BdCa62F2d558E40af,bibbtc/sbtcCRV-f,1.148952007032990000,1148952007032999047,1.160985372,0,0,0,0,0,0,64926.48882
stolen,0x8c64ab8d24f9339d5e28863d096865dfa2f7b6b409a74aa51b8ea151ad6677fc,0x7759D0dbeAB2270Bea6F35679344d4D67B10cCE9,0x1B1b391D1026A4e3fB7F082ede068B25358a61F2,0xaE96fF08771a109dc6650a1BdCa62F2d558E40af,bibbtc/sbtcCRV-f,1.130674710437700000,1130674710437709546,1.142516651,0,0,0,0,0,0,63893.65134
stolen,0x037c93052f7463f8b7ff9327a9e6aa334fc8363004c9f7f920545dc02ce058bf,0x720b304e1f7F2ac7d1E60B03289B13a8A764F315,0x4fbf7701b3078B5bed6F3e64dF3AE09650eE7DE5,0x1862A18181346EBd9EdAf800804f89190DeF24a5,bSlpBadgerWbtc,0.000179089428661152,179089428661152,0.6073010737,1272.740629,0,0,0,0,0,62759.00019
stolen,0xecf479f430244f1288e6ed33986d418dde0523b813adb48400dd9e9a8c2d2d26,0xCF8BAF60A43ECA451e12D11a6DaF3fFa3474FfFD,0x0B88A083dc7b8aC2A84eBA02E4acb2e5f2d3063C,0xd04c48A53c111300aD41190D63681ed3dAd998eC,bcrvRenWSBTC,1.008979087618410000,1008979087618419768,1.03385361,0,0,0,0,0,0,58969.50109
stolen,0xc622453ffbbe4554916dcd80553eedffbef97ed95536e91d759858a9d6b14248,0x2DB3865a9C07A651f5309525Dd9F991CCA9984F7,0x4fbf7701b3078B5bed6F3e64dF3AE09650eE7DE5,0x2260FAC5E5542a773Aa44fBCfeDf7C193bc2C599,WBTC,1.034746140000000000,103474614,1.03474614,0,0,0,0,0,0,58897.75029
stolen,0x207a0ae767d083330eaa7797eb5db8881c59fea3d005ba0ec53af97e34186488,0x602a8f582b2e84A49f91899d6CdD36B825146637,0x1B1b391D1026A4e3fB7F082ede068B25358a61F2,0xaE96fF08771a109dc6650a1BdCa62F2d558E40af,bibbtc/sbtcCRV-f,1.025952855492390000,1025952855492389999,1.036698009,0,0,0,0,0,0,57975.89124
stolen,0x9fccf8b2b8bdcd582c7d557ec3a4fc36477497f56f778037c60ceeb0793dd00b,0xfB62DF8935504b3f1C2b13B10aA9d8eE67e34690,0x1B1b391D1026A4e3fB7F082ede068B25358a61F2,0xaE96fF08771a109dc6650a1BdCa62F2d558E40af,bibbtc/sbtcCRV-f,1.003967036880300000,1003967036880307418,1.014481925,0,0,0,0,0,0,56733.48773
stolen,0xf648dc1842c322408444803499568d2d5e38e72e5d6b3bd456af4ace4b367124,0xA856E0cA37d3b64a137aD5d3e20C31843Fa9FB36,0x1B1b391D1026A4e3fB7F082ede068B25358a61F2,0xaE96fF08771a109dc6650a1BdCa62F2d558E40af,bibbtc/sbtcCRV-f,1.002561208691120000,1002561208691122749,1.013061373,0,0,0,0,0,0,56654.04535
stolen,0x143b3e873c1582cdc7fc98330b910e894e61b6ab2c89b05906e27fbc3e6c2843,0x24d734a75166e66000C8d7f12A173e41358e3cc1,0x1B1b391D1026A4e3fB7F082ede068B25358a61F2,0xaE96fF08771a109dc6650a1BdCa62F2d558E40af,bibbtc/sbtcCRV-f,0.996706797720007000,996706797720007727,1.007145647,0,0,0,0,0,0,56323.2166
stolen,0x6661c0cf44452b56c2092e30512c3a7d2addf2fef699c3d7b284fb0cc9bbd066,0x8b34f5931fD52f70661174486d66a973d50A2d83,0x1B1b391D1026A4e3fB7F082ede068B25358a61F2,0xaE96fF08771a109dc6650a1BdCa62F2d558E40af,bibbtc/sbtcCRV-f,0.995190186143696000,995190186143696327,1.005613151,0,0,0,0,0,0,56237.51393
stolen,0xf0c73905102282c63946da43d57b4489c5cc1546c77c2a1d497428eb344454c0,0x5456B8CAEb4FA3E9795838832f41de0DD96c7912,0x1B1b391D1026A4e3fB7F082ede068B25358a61F2,0xaE96fF08771a109dc6650a1BdCa62F2d558E40af,bibbtc/sbtcCRV-f,0.991755891020704000,991755891020704302,1.002142888,0,0,0,0,0,0,56043.44427
stolen,0x6f05c252e7b040bdbccd2190ba93a2309f686d648bb8b392f7e17d6eb85227fe,0x0fd492cB2440074b9b5f16Dd008A972C55C60A49,0x4fbf7701b3078B5bed6F3e64dF3AE09650eE7DE5,0x1862A18181346EBd9EdAf800804f89190DeF24a5,bSlpBadgerWbtc,0.000159369109301692,159369109301692,0.5404284994,1132.593598,0,0,0,0,0,55848.33251
stolen,0xb6b99a9e39ef9c392b9c2cbcef80d4aaca1b7963435f53257ef64f6da45d52c1,0x4523b791292da89A9194B61bA4CD9d98f2af68E0,0x1B1b391D1026A4e3fB7F082ede068B25358a61F2,0xaE96fF08771a109dc6650a1BdCa62F2d558E40af,bibbtc/sbtcCRV-f,0.980763995807816000,980763995807816725,0.9910358706,0,0,0,0,0,0,55422.29982
stolen,0x88285b01c890156cb33fa1c749752533bc6dca7dfb43586be8e3288ce57a718f,0xBfBAC9FDF2b937d88B7E97506B6c169dd0B03b24,0x4fbf7701b3078B5bed6F3e64dF3AE09650eE7DE5,0x1862A18181346EBd9EdAf800804f89190DeF24a5,bSlpBadgerWbtc,0.000156762272824640,156762272824640,0.5315885886,1114.067509,0,0,0,0,0,54934.80873
stolen,0x3fa8d2c0a91c205ecac7b78ea9a6e7b8fc358cfe663e49f04f9ccc3d002b02ae,0xA678abb7fA735b6A42C78214d6B150849c9570c4,0xe06eD65924dB2e7b4c83E07079A424C8a36701E5,0x937B8E917d0F36eDEBBA8E459C5FB16F3b315551,bbveCVX-CVX-f,"2,086.680235476250000000",2086680235476251024667,0,0,0,0,0,2086.680235,0,54044.7609
stolen,0xc36bfc67e6ca7e3de217ecba6679d16f0f1851413eec688ffd693c57a9f77f3a,0xCb0b3fbA44676Ae1Ade8dc211d43ded01f0513fa,0x1B1b391D1026A4e3fB7F082ede068B25358a61F2,0xaE96fF08771a109dc6650a1BdCa62F2d558E40af,bibbtc/sbtcCRV-f,0.932371973276121000,932371973276120914,0.9421370219,0,0,0,0,0,0,52687.69986
stolen,0x76ac67744563b52ffbd1b5f3a66b3ccda0f4d222faab5bd97d8b2d15ac666d55,0xd65370c5565F2bEa121F3C22823233F98A4Be793,0x1B1b391D1026A4e3fB7F082ede068B25358a61F2,0xaE96fF08771a109dc6650a1BdCa62F2d558E40af,bibbtc/sbtcCRV-f,0.922370672269898000,922370672269898065,0.9320309739,0,0,0,0,0,0,52122.53321
stolen,0x4ab104f2b5602df862e941a8198369d0446535c3fd6874bbdb44fe72f1223b75,0xc42C2c1e6091A5e3f5f1d25709123Cca24D0cFc9,0x691dA2826AC32BBF2a4b5d6f2A07CE07552A9A8E,0x8a8FFec8f4A0C8c9585Da95D9D97e8Cd6de273DE,bSlpIbbtcWbtc,0.000004422974896147,4422974896147,0.8933228726,0,0,0,0,0,0,50252.79301
stolen,0xbf2f1ae80d24ea64a6e815727ad02014b4866d9fc45f353b180e7addb16f1d78,0x6Dce215F5D0209Bee096fb5147C423344D10553b,0x1B1b391D1026A4e3fB7F082ede068B25358a61F2,0xaE96fF08771a109dc6650a1BdCa62F2d558E40af,bibbtc/sbtcCRV-f,0.846996854829162000,846996854829162747,0.8558677408,0,0,0,0,0,0,47863.21055
stolen,0x21d16b7f0c6d7ccc230766a2ab10d8b32dc08c5496bae5f49935f642af4a3293,0xb67620E8C9E19592b616942F895153e2dcF9CcB6,0xEcD91D07b1b6B81d24F2a469de8e47E3fe3050fd,0x2B5455aac8d64C14786c3a29858E43b5945819C0,bcvxCRV,"7,814.344901059100000000",7814344901059101175738,0,0,0,0,0,0,9787.463316,46490.4509
stolen,0xb576ab96247e7d36bece2a901db0b502d70de0c373b24c663668f62b52606064,0x26b11a2497381ef5e28BcFCF881185791Ba11A5d,0x4fbf7701b3078B5bed6F3e64dF3AE09650eE7DE5,0x1862A18181346EBd9EdAf800804f89190DeF24a5,bSlpBadgerWbtc,0.000128773473998937,128773473998937,0.4366771931,915.158608,0,0,0,0,0,45126.58586
stolen,0xe867ab6545816cd98f3290a2884fc6496f1fb4c566033731f7e0e31ff63dca3a,0x9322C6CcbCE9fCC9BDC45fe2830704907330454D,0x4fbf7701b3078B5bed6F3e64dF3AE09650eE7DE5,0x1862A18181346EBd9EdAf800804f89190DeF24a5,bSlpBadgerWbtc,0.000118626781242642,118626781242642,0.4022692582,843.0487788,0,0,0,0,0,41570.84113
stolen,0xfdf134bb772de33c4d2f5910a74e2538c2661538fb7ffb64aef098a99a278584,0x7c2bE77574546b4513b4F30b6b1c5EA1C4AC8eFb,0x4fbf7701b3078B5bed6F3e64dF3AE09650eE7DE5,0x1862A18181346EBd9EdAf800804f89190DeF24a5,bSlpBadgerWbtc,0.000117804041984872,117804041984872,0.3994793089,837.2017911,0,0,0,0,0,41282.52543
stolen,0xb293f580bacab9cd1773171c94413c7e673017f33e7051b38dd2a6df8417b023,0xE9B05bC1FA8684EE3e01460aac2e64C678b9dA5d,0x4fbf7701b3078B5bed6F3e64dF3AE09650eE7DE5,0x1862A18181346EBd9EdAf800804f89190DeF24a5,bSlpBadgerWbtc,0.000116730245518366,116730245518366,0.3958380122,829.5706071,0,0,0,0,0,40906.23079
stolen,0xc0bf9a053ee455881d41e1dfedfd01cc150eb7f97e580b489205200b82f4f7a8,0x577BE3eD9A71E1c355f519BBDF5f09Ba2018b1Cc,0x0B88A083dc7b8aC2A84eBA02E4acb2e5f2d3063C,0x88128580ACdD9c04Ce47AFcE196875747bF2A9f6,bSlpDiggWbtc,0.000000000191823870,191823870,0.3644165145,0,0.3385591448,0,0,0,0,38356.97222
stolen,0x061b20b660abb9250f6a29c5c586e2785350a5261b9e0935b5e297e3f434f79e,0x09Ad186D43615aa3131c6064538aF6E0A643Ce12,0x1B1b391D1026A4e3fB7F082ede068B25358a61F2,0x4b92d19c11435614CD49Af1b589001b7c08cD4D5,byvWBTC,0.661209100000000000,66120910,0.6721959818,0,0,0,0,0,0,38266.77285
stolen,0x0af6828442c59b30dc6f04168fd68410790dff33a1b46e81eaff818bbd678781,0xFa5756494fEa34c83808CCb6626f6b7E66D46c4c,0x4fbf7701b3078B5bed6F3e64dF3AE09650eE7DE5,0x6dEf55d2e18486B9dDfaA075bc4e4EE0B28c1545,bcrvRenWBTC,0.648724175999459000,648724175999459420,0.6695031915,0,0,0,0,0,0,38151.8811
stolen,0xa3342c9bfc6a37f9f2455d7b204ce58cca22b27e71b5e0fc1d325b73e14d6af6,0xF87766e79A11C77B3472Dbe3aA45795F579564D4,0x0B88A083dc7b8aC2A84eBA02E4acb2e5f2d3063C,0x88128580ACdD9c04Ce47AFcE196875747bF2A9f6,bSlpDiggWbtc,0.000000000187321620,187321620,0.3558633858,0,0.330612908,0,0,0,0,37456.70533
stolen,0xe4e152f5327cb1341970f73c6e91cc9a1de3eb90e8bb84361fc306f912828126,0x0A573Bc3489D3Dc339643Ce50767C19eEb3fED70,0x0B88A083dc7b8aC2A84eBA02E4acb2e5f2d3063C,0x19D97D8fA813EE2f51aD4B4e04EA08bAf4DFfC28,bBADGER,"1,220.396328996540000000",1220396328996540863310,0,1507.045081,0,0,0,0,0,33652.31663
stolen,0x5e4b56635e819278d6c3cef5be971ab6bab0d15e72cf1415b78370947ab384c0,0x0C1e99991dD2f7D374Bff13f9F52284CE6cfDAE5,0x4fbf7701b3078B5bed6F3e64dF3AE09650eE7DE5,0x1862A18181346EBd9EdAf800804f89190DeF24a5,bSlpBadgerWbtc,0.000087419825225610,87419825225610,0.2964449332,621.2692962,0,0,0,0,0,30634.867
stolen,0x4ca2bd33ca9aeb19a334d6968b85896675b71eb308349b717a91f345b458db5b,0xb54D1e3056f65F0Df6DF4310559b0F41003495d1,0x0B88A083dc7b8aC2A84eBA02E4acb2e5f2d3063C,0x19D97D8fA813EE2f51aD4B4e04EA08bAf4DFfC28,bBADGER,"1,025.362725371970000000",1025362725371975137408,0,1266.201655,0,0,0,0,0,28274.28293
stolen,0x2655dac89c38730b8084e0be376583ff281f70cd6009c207626d58bdd5b73ee9,0x0d86A2fd448aD216692238a28d2753DEf5B1d853,0xEcD91D07b1b6B81d24F2a469de8e47E3fe3050fd,0x1862A18181346EBd9EdAf800804f89190DeF24a5,bSlpBadgerWbtc,0.000075029477714286,75029477714286,0.2544286545,533.2144133,0,0,0,0,0,26292.86966
stolen,0xe01969b2c7dea539497d0413cf3b53f80a6f793f63637e6747991405e20dcaf4,0xBc280beCab2bf6DDC0C126e9179d27BB0eBe52A3,0xa33B95ea28542Ada32117B60E4F5B4cB7D1Fc19B,0x4e3FBD56CD56c3e72c1403e103b45Db9da5B9D2B,CVX,730.000000000000000000,730000000000000000000,0,0,0,0,0,730,0,18899.7
stolen,0x5b2eb2d7616baca05a925c9e2f0ec8ce3cf4e0041f67868eb9d5c14b19f0534f,0xC634f7BF06A10B28e3854d7B61b10ADbe894a399,0x0B88A083dc7b8aC2A84eBA02E4acb2e5f2d3063C,0x19D97D8fA813EE2f51aD4B4e04EA08bAf4DFfC28,bBADGER,653.415558536898000000,653415558536898061443,0,806.8909092,0,0,0,0,0,18017.87398
stolen,0x48f7f28425b75d4dcc0e8c9d26c9576113d8145ca3c8a44d61e11080e2e4ae03,0x870eF2262E4A5E94f6154B9b215C60637C1DE908,0x0B88A083dc7b8aC2A84eBA02E4acb2e5f2d3063C,0x19D97D8fA813EE2f51aD4B4e04EA08bAf4DFfC28,bBADGER,409.176422683893000000,409176422683893872224,0,505.2844724,0,0,0,0,0,11283.00226
stolen,0x2871e419e95abce0de64d865f866c813a8172a3f9748cee6b4356156ea6f9b8d,0xb15e535dFFdf3fe70290AB89AecC3F18C7078CDc,0x4fbf7701b3078B5bed6F3e64dF3AE09650eE7DE5,0x62B9c7356A2Dc64a1969e19C23e4f579F9810Aa7,cvxCRV,0.000093739465584466,93739465584466,0,0,0,0,0,0,0.00009373946558,0.0004452624615
recoverable,,,,0x6dEf55d2e18486B9dDfaA075bc4e4EE0B28c1545,bcrvRenWBTC,-0.001999999999999990,1999999999999990,-0.002064061172,0,0,0,0,0,0,-117.6212711
recoverable,,0x0d86A2fd448aD216692238a28d2753DEf5B1d853,,0x1862A18181346EBd9EdAf800804f89190DeF24a5,bSlpBadgerWbtc,-0.000075029477714286,75029477714286,-0.2544286545,-533.2144133,0,0,0,0,0,-26292.86966
recoverable,,0x0C1e99991dD2f7D374Bff13f9F52284CE6cfDAE5,,0x1862A18181346EBd9EdAf800804f89190DeF24a5,bSlpBadgerWbtc,-0.000087419825225610,87419825225610,-0.2964449332,-621.2692962,0,0,0,0,0,-30634.867
recoverable,,0xFa5756494fEa34c83808CCb6626f6b7E66D46c4c,,0x6dEf55d2e18486B9dDfaA075bc4e4EE0B28c1545,bcrvRenWBTC,-0.648724175999459000,648724175999459420,-0.6695031915,0,0,0,0,0,0,-38151.8811
recoverable,,0xE9B05bC1FA8684EE3e01460aac2e64C678b9dA5d,,0x1862A18181346EBd9EdAf800804f89190DeF24a5,bSlpBadgerWbtc,-0.000116730245518366,116730245518366,-0.3958380122,-829.5706071,0,0,0,0,0,-40906.23079
recoverable,,0x7c2bE77574546b4513b4F30b6b1c5EA1C4AC8eFb,,0x1862A18181346EBd9EdAf800804f89190DeF24a5,bSlpBadgerWbtc,-0.000117804041984872,117804041984872,-0.3994793089,-837.2017911,0,0,0,0,0,-41282.52543
recoverable,,0x9322C6CcbCE9fCC9BDC45fe2830704907330454D,,0x1862A18181346EBd9EdAf800804f89190DeF24a5,bSlpBadgerWbtc,-0.000118626781242642,118626781242642,-0.4022692582,-843.0487788,0,0,0,0,0,-41570.84113
recoverable,,0x26b11a2497381ef5e28BcFCF881185791Ba11A5d,,0x1862A18181346EBd9EdAf800804f89190DeF24a5,bSlpBadgerWbtc,-0.000128773473998937,128773473998937,-0.4366771931,-915.158608,0,0,0,0,0,-45126.58586
recoverable,,0xb67620E8C9E19592b616942F895153e2dcF9CcB6,,0x2B5455aac8d64C14786c3a29858E43b5945819C0,bcvxCRV,"-7,814.344901059100000000",7814344901059101175738,0,0,0,0,0,0,-9787.463316,-46490.4509
recoverable,,0x6Dce215F5D0209Bee096fb5147C423344D10553b,,0xaE96fF08771a109dc6650a1BdCa62F2d558E40af,bibbtc/sbtcCRV-f,-0.846996854829162000,846996854829162747,-0.8558677408,0,0,0,0,0,0,-47863.21055
recoverable,,0xd65370c5565F2bEa121F3C22823233F98A4Be793,,0xaE96fF08771a109dc6650a1BdCa62F2d558E40af,bibbtc/sbtcCRV-f,-0.922370672269898000,922370672269898065,-0.9320309739,0,0,0,0,0,0,-52122.53321
recoverable,,0xCb0b3fbA44676Ae1Ade8dc211d43ded01f0513fa,,0xaE96fF08771a109dc6650a1BdCa62F2d558E40af,bibbtc/sbtcCRV-f,-0.932371973276120000,932371973276120914,-0.9421370219,0,0,0,0,0,0,-52687.69986
recoverable,,0xA678abb7fA735b6A42C78214d6B150849c9570c4,,0x937B8E917d0F36eDEBBA8E459C5FB16F3b315551,bbveCVX-CVX-f,"-2,086.680235476250000000",2086680235476251024667,0,0,0,0,0,-2086.680235,0,-54044.7609
recoverable,,0xBfBAC9FDF2b937d88B7E97506B6c169dd0B03b24,,0x1862A18181346EBd9EdAf800804f89190DeF24a5,bSlpBadgerWbtc,-0.000156762272824640,156762272824640,-0.5315885886,-1114.067509,0,0,0,0,0,-54934.80873
recoverable,,0x4523b791292da89A9194B61bA4CD9d98f2af68E0,,0xaE96fF08771a109dc6650a1BdCa62F2d558E40af,bibbtc/sbtcCRV-f,-0.980763995807816000,980763995807816725,-0.9910358706,0,0,0,0,0,0,-55422.29982
recoverable,,0x0fd492cB2440074b9b5f16Dd008A972C55C60A49,,0x1862A18181346EBd9EdAf800804f89190DeF24a5,bSlpBadgerWbtc,-0.000159369109301692,159369109301692,-0.5404284994,-1132.593598,0,0,0,0,0,-55848.33251
recoverable,,0x5456B8CAEb4FA3E9795838832f41de0DD96c7912,,0xaE96fF08771a109dc6650a1BdCa62F2d558E40af,bibbtc/sbtcCRV-f,-0.991755891020704000,991755891020704302,-1.002142888,0,0,0,0,0,0,-56043.44427
recoverable,,0x8b34f5931fD52f70661174486d66a973d50A2d83,,0xaE96fF08771a109dc6650a1BdCa62F2d558E40af,bibbtc/sbtcCRV-f,-0.995190186143696000,995190186143696327,-1.005613151,0,0,0,0,0,0,-56237.51393
recoverable,,0x24d734a75166e66000C8d7f12A173e41358e3cc1,,0xaE96fF08771a109dc6650a1BdCa62F2d558E40af,bibbtc/sbtcCRV-f,-0.996706797720007000,996706797720007727,-1.007145647,0,0,0,0,0,0,-56323.2166
recoverable,,0xA856E0cA37d3b64a137aD5d3e20C31843Fa9FB36,,0xaE96fF08771a109dc6650a1BdCa62F2d558E40af,bibbtc/sbtcCRV-f,-1.002561208691120000,1002561208691122749,-1.013061373,0,0,0,0,0,0,-56654.04535
recoverable,,0xfB62DF8935504b3f1C2b13B10aA9d8eE67e34690,,0xaE96fF08771a109dc6650a1BdCa62F2d558E40af,bibbtc/sbtcCRV-f,-1.003967036880300000,1003967036880307418,-1.014481925,0,0,0,0,0,0,-56733.48773
recoverable,,0x602a8f582b2e84A49f91899d6CdD36B825146637,,0xaE96fF08771a109dc6650a1BdCa62F2d558E40af,bibbtc/sbtcCRV-f,-1.025952855492390000,1025952855492389999,-1.036698009,0,0,0,0,0,0,-57975.89124
recoverable,,0x720b304e1f7F2ac7d1E60B03289B13a8A764F315,,0x1862A18181346EBd9EdAf800804f89190DeF24a5,bSlpBadgerWbtc,-0.000179089428661152,179089428661152,-0.6073010737,-1272.740629,0,0,0,0,0,-62759.00019
recoverable,,0x7759D0dbeAB2270Bea6F35679344d4D67B10cCE9,,0xaE96fF08771a109dc6650a1BdCa62F2d558E40af,bibbtc/sbtcCRV-f,-1.130674710437700000,1130674710437709546,-1.142516651,0,0,0,0,0,0,-63893.65134
recoverable,,0x18D1EB6F4a74aB1d4704ec1688d87047efDb83D5,,0xaE96fF08771a109dc6650a1BdCa62F2d558E40af,bibbtc/sbtcCRV-f,-1.148952007032990000,1148952007032999047,-1.160985372,0,0,0,0,0,0,-64926.48882
recoverable,,0xc0DAcf029bc8c4753dBfDf9aF8408D02bcA4e8B3,,0x26B8efa69603537AC8ab55768b6740b67664D518,bfPmBTC/HBTC,-1.147940822038800000,1147940822038804693,-1.159975386,0,0,0,0,0,0,-66407.12891
recoverable,,0x8F5db667276e9d805bF5aDb315374f8fa299699E,,0x2B5455aac8d64C14786c3a29858E43b5945819C0,bcvxCRV,"-12,554.847609414800000000",12554847609414861811193,0,0,0,0,0,0,-15724.94073,-74693.4687
recoverable,,0x785b70b908E1458bDAe818C03D7B8e6688B025E6,,0x1862A18181346EBd9EdAf800804f89190DeF24a5,bSlpBadgerWbtc,-0.000275879940990274,275879940990274,-0.9355224685,-1960.60489,0,0,0,0,0,-96677.67326
recoverable,,0xaAD747958F996B22F360fD1d0e3BA56eFD477C1f,,0x1862A18181346EBd9EdAf800804f89190DeF24a5,bSlpBadgerWbtc,-0.000285933998224524,285933998224524,-0.9696162718,-2032.056383,0,0,0,0,0,-100200.9554
recoverable,,0x6B68b7652a32afF234C17796afcEA800d54e3428,,0xaE96fF08771a109dc6650a1BdCa62F2d558E40af,bibbtc/sbtcCRV-f,-2.003810122238030000,2003810122238035032,-2.024796707,0,0,0,0,0,0,-113233.9338
recoverable,,0x630CF545B04b6458faDC98654681456009f19478,,0x6dEf55d2e18486B9dDfaA075bc4e4EE0B28c1545,bcrvRenWBTC,-1.938782864727950000,1938782864727950407,-2.000883216,0,0,0,0,0,0,-114021.0525
recoverable,,0x2Ee8670d2b936985D5fb1EE968810c155D3bB9cA,,0x599D92B453C010b1050d31C364f6ee17E819f193,bimBTC,-19.414395705173300000,19414395705173338786,-19.48232571,0,0,0,0,0,0,-114512.8983
recoverable,,0xDEF090607C0628Eb1c36bE11038e68e0d34d44d5,,0x1862A18181346EBd9EdAf800804f89190DeF24a5,bSlpBadgerWbtc,-0.000331797138485382,331797138485382,-1.125140439,-2357.993444,0,0,0,0,0,-116272.9528
recoverable,,0x905DeFDEC5eB4f6Cd9d9ec4d4C52fc330EF2026B,,0xfd05D3C7fe2924020620A8bE4961bBaA747e6305,bveCVX,"-5,000.001124879400000000",5000001124879399466971,0,0,0,0,0,-5000.001125,0,-129450.0291
recoverable,,0x0716266cC5D3c443e30b0c4E9C72AFA33778E1de,,0x27E98fC7d05f54E544d16F58C194C2D7ba71e3B5,bcrv3crypto,-81.342592237548500000,81342592237548524865,-0.9289564511,0,0,-11.62643272,-52873.27074,0,0,-157833.4725
recoverable,,0xd87EcC6C74F486B044824a222326A96F696fCfA2,,0xfd05D3C7fe2924020620A8bE4961bBaA747e6305,bveCVX,"-6,985.618362681730000000",6985618362681735752343,0,0,0,0,0,-6985.618363,0,-180857.6594
recoverable,,0x2Bf863a129Cd3FafFCFC6E7caA49588d446B2af3,,0x27E98fC7d05f54E544d16F58C194C2D7ba71e3B5,bcrv3crypto,-107.010951737997000000,107010951737997039320,-1.222096705,0,0,-15.29525426,-69557.88926,0,0,-207639.1918
recoverable,,0x0ECE7c1BfC9543B2cbeA8F5577d02E5f59a9f176,,0x26B8efa69603537AC8ab55768b6740b67664D518,bfPmBTC/HBTC,-3.967006087106280000,3967006087106289862,-4.008594632,0,0,0,0,0,0,-229486.9906
recoverable,,0xC255E0a1Be0A4B7B8Bf5EBE8d0Aba162CF75bae2,,0x1862A18181346EBd9EdAf800804f89190DeF24a5,bSlpBadgerWbtc,-0.000718292677040534,718292677040534,-2.435765848,-5104.713774,0,0,0,0,0,-251714.0771
recoverable,,0x26A22514d3Ac0B05E2F4f04dF96EF302ba434cBE,,0x2B5455aac8d64C14786c3a29858E43b5945819C0,bcvxCRV,"-42,537.289425938100000000",42537289425938194048052,0,0,0,0,0,0,-53277.93501,-253070.1921
recoverable,,0x7Ed7888f3bF70ED07f94Fd7381D39476928331F7,,0xfd05D3C7fe2924020620A8bE4961bBaA747e6305,bveCVX,"-10,171.240584610900000000",10171240584610973064056,0,0,0,0,0,-10171.24058,0,-263333.4187
recoverable,,0xB5cC3308C8E0F12fCCCa72e0fA3C8C20518c11e7,,0xfd05D3C7fe2924020620A8bE4961bBaA747e6305,bveCVX,"-10,868.760170822800000000",10868760170822880349784,0,0,0,0,0,-10868.76017,0,-281392.2008
recoverable,,0xF2B8C142Edcf2f3Cc22665cCE863a7C9A3E9F156,,0x599D92B453C010b1050d31C364f6ee17E819f193,bimBTC,-49.749983579281600000,49749983579281601374,-49.92405628,0,0,0,0,0,0,-293442.809
recoverable,,0x604eB5D4126E3318EC27721Bd5059307684F5C89,,0x27E98fC7d05f54E544d16F58C194C2D7ba71e3B5,bcrv3crypto,-168.645701159400000000,168645701159400465582,-1.925983765,0,0,-24.10481205,-109620.9202,0,0,-327232.461
recoverable,,0xD50f649a2c9fD7AE88C223DA80e985D71DE45593,,0xfd05D3C7fe2924020620A8bE4961bBaA747e6305,bveCVX,"-18,042.519867472100000000",18042519867472171485451,0,0,0,0,0,-18042.51987,0,-467120.8394
recoverable,,0xC610D02270c39a0581fE0137F5E93Ae5053D3c66,,0x88128580ACdD9c04Ce47AFcE196875747bF2A9f6,bSlpDiggWbtc,-0.000000002506356308,2506356308,-4.761438865,0,-4.423588411,0,0,0,0,-501169.3241
recoverable,,0x0443180451b462bDC5E09Fc910712f10E90d8a62,,0x937B8E917d0F36eDEBBA8E459C5FB16F3b315551,bbveCVX-CVX-f,"-20,247.466265437400000000",20247466265437467240784,0,0,0,0,0,-20247.46627,0,-524406.8807
recoverable,,0xFaC01bF00180ff294915E840b4309B823b759F83,,0x2B5455aac8d64C14786c3a29858E43b5945819C0,bcvxCRV,"-93,582.000000000000000000",93582000000000000000000,0,0,0,0,0,0,-117211.411,-556754.2041
recoverable,,0xff4944F8809ec48d8aCc655ff83770cBd4C3A02a,,0xd04c48A53c111300aD41190D63681ed3dAd998eC,bcrvRenWSBTC,-10.754238865403400000,10754238865403457105,-11.01936483,0,0,0,0,0,0,-628528.4881
recoverable,,0x1D8D739912AAE17819618e6e33580284C16785A9,,0xfd05D3C7fe2924020620A8bE4961bBaA747e6305,bveCVX,"-25,130.919014305900000000",25130919014305942817371,0,0,0,0,0,-25130.91901,0,-650639.4933
recoverable,,0xee1F07F88934C2811E3DcAbdf438d975C3d62cd3,,0xd04c48A53c111300aD41190D63681ed3dAd998eC,bcrvRenWSBTC,-20.667204525632300000,20667204525632326589,-21.17671641,0,0,0,0,0,0,-1207888.999
