address,amount
0x6a07ea36da7850cc89be2523eb9423fbe7237061,833.7624856102766
0xec4fcd1aca723f8456999c5f5d7479dbe9528c11,541.9789636835186
0x647c920102f251da87fb4d21aea5a322358f2721,521.4678648829229
0xde01051a9f9343252e7a74219296c4387378fa68,519.6499884183983
0x272817e6c8e7dbf3cb5d382fbfa0f53db4427d6a,473.7711068796985
0x788550d00579f66c06ce209d14056c8f2c0a8188,350.47266125690567
0xe107a20ce3836329a3c310e9a2da812cfb177f72,337.0403609129634
0xfc7e2b665062b127047171ebb5000d53880bc88c,314.52798169497316
0x000e8c608473dcee93021eb1d39fb4a7d7e7d780,270.97421896116816
0x6ff9ce211a9a7a984d3fd526b644b8f8bb6b68b8,258.1139796518989
0xc324f50e52a76cd967a51a9e41ed2a863bb9d831,244.6381571940346
0x3a2be14dbb1c679380d1f34a92caa128bee1fa77,244.02965449471577
0x805c559b43565505cec1273801d5aab30fb91004,204.6583371016732
0xa4c8d9e4ec5f2831701a81389465498b83f9457d,197.18756108278896
0x07e9d06db58a77407db95d93fbe1275a46f97463,183.01028122178482
0xbf71ff2a9be34af7194ae2e6f3759b663643a49e,176.07292013549716
0x849b8c6ffbc13805ba510af899e9d63645f174a3,156.72918574099089
0xdf2ba6bf1d1a2347b28d2e5869c338aebd8dae3b,147.26041529631195
0x2393f959c3dd3020ce88effe317be9453a9728f5,142.7821130713837
0x0334dc596588f9944b50e47eb75daee803642f5f,139.2004232076871
0x4d9ad4c310856a582b294726a4fa7a97b2169dc7,134.772716939153
0x7338afb07db145220849b04a45243956f20b14d9,133.43387353464303
0xd5274da7fcd2d6ad9687db7eb0cda4616223ad7e,127.66729149182845
0xe51c270dfded5313e232ab39fd03b93aba0137fd,109.28576830136035
0x2649bb086552825ced34545388dbc40f6c51fea0,107.20274455987452
0x94a0575635ce1cb0cc241918eb3f5a4c92552e0d,104.95827845090065
0x52cba35123edeb68cf549ef0efb4cfc5854c0df4,100.23382715855931
0x261377cfb52e6fd3048b0ab991d991ee43ef2d4a,97.58300797443302
0x385bae68690c1b86e2f1ad75253d080c14fa6e16,94.00125645989488
0x40051f6ce83bd4fc2145958e262a784b09771658,93.0360618509163
0x14e27302100a769b3821333ea9276d77bb7f8832,91.83336405344211
0x0e61dae710688c22d8f6d0c3fdd1735d27ddff8f,91.77682500321417
0xbd9795a14035dba41bccfc563329aa6b197a0cbb,86.72952447718369
0x790f54ae142a33ab64e6f558476eb1a6caab30dd,85.18409699144816
0x8861df23a1f37b33293e6deb8bf28b88c3731ceb,82.14781058618573
0x465b357bbac5f6f3bc78669db6980f9eaa21d0c2,79.91258046275708
0xb67620e8c9e19592b616942f895153e2dcf9ccb6,78.41462368106808
0xd5404f9caf329b50a13c3de5ef6ecc39ab2d7571,77.99387425212683
0xf7434638a7d52e44859a55fcf7c13dc9ddc4b140,75.43878931512249
0x0ce638e196f5141b9aa2fedc07ea158d94b458f9,74.64419848555544
0x1148501cceb0f7679365c0b8eebb23305c523946,73.90023507514695
0xfe9182cd69f9feb2a22c8bb88d03dcbbdff77f11,73.359988284041
0x8369b9defc618e5c7d9649ae523bbe92eea0e39a,72.43245003057697
0x0f45156f109e474295913d78036fa213b1745d5a,67.74493860269813
0xc8dda504356195ba5344e5a9826ce07dfeaa97b6,67.52650889001079
0x44fbef86239debd8e68a22a9ba58cd7ab6be6947,66.34565399328832
0x926bf90196781cf2161535d48af542889cac4d2e,65.14609286464731
0xa901368aec255b1e6df31edf8aa735ff16bb12a8,63.95198768527848
0xbc280becab2bf6ddc0c126e9179d27bb0ebe52a3,63.24800659705203
0x0a573bc3489d3dc339643ce50767c19eeb3fed70,62.94456410656656
0xbbc25274b5b8bb6507b3078e38b56d8901fc4102,62.58797690805639
0x375f95fb45811ace248adc5baee5228d91ffca50,60.13092230690069
0xaa32b085a44b3ae896c721d2eaf35dc93940d182,60.02539746828989
0x39de56518e136d472ef9645e7d6e1f7c6c8ed37b,59.02550416052018
0x855c4dca95adb9ce63f09b9899882c50ad9cfc8f,58.956990894347925
0xf71d161fdc3895f21612d79f15aa819b7a3d296a,58.95457847198094
0xb7f996eb420fe850eae9296647460993fff2cd38,58.69190955211623
0x0f06b02d62f9d6015c6a76c2f0977debb56961bf,57.01128802761048
0x2459d93923cc940e3aa1935ead83ef8011534bb1,56.1226004249811
0x4500438afecbd49df90fc729095c39096002f05e,55.93438747512599
0xd49ca0fcb806d6aad3e40c9bd2bc52d5e031bd22,55.03703638619646
0xc610d02270c39a0581fe0137f5e93ae5053d3c66,54.10016009629524
0x843604564aa6fb2a28c06e20b02c30483bc2bcdc,53.68145332051014
0xabe780bdc3872b4dec16bd44b2bb999f9151ae28,53.06943592231708
0xf8deccaf8f60a0f64af61da2a87fd2c6c07426f8,52.22803106414834
0xbdfa4f4492dd7b7cf211209c4791af8d52bf5c50,51.62132850097368
0xc4e24ff2dee71ff59a3bbb84989a1d2d2426b201,51.320745323348454
0x596a7f60a430d3ea672ebd0268cd414a6607b463,50.97033884148381
0xd2b6a7870c590674be5e3eb659b1833664e8226a,50.516208032736344
0xdb08699e15caf56bfa0ed021b361c11ccf57fd68,50.23313941252323
0x97944e369a1af4040816f157134edca8e9f82ecd,49.55147757363189
0xf46a1f58cf4dfa84a34b7253c04b4b9fce3b5f73,48.167437865454325
0xf41274ad0ab41369ac87cc7cad9ccffc9303d777,48.06073244806805
0x00b591bc2b682a0b30dd72bac9406bfa13e5d3cd,46.925279154371744
0x9cb7f282b29e5769e2e4c08698184f9649b6087f,46.711090024890204
0x8f27fa136ff4da1796368380019029d81d12d06d,43.975995369332566
0x48409735c07b31db8ecc0127561daa397c137497,43.70369569949192
0x7aa1fed31ff356dba66f551c232b5770442b41aa,43.473613926594304
0x3a28afb20ebb049541d553075a3ac54e18034aba,43.27455561304646
0x1ef5b6c5642d3e1bc8686d2b37383856c10aa13d,43.16370273377587
0x928baa371740e8ca4d5e49781e0edbe14eeda2a9,43.03252516308585
0x0f2437ff38e032596f2226873038230dcb22c485,42.119096239401046
0x9141d5284c701614a48b42bf4848ecc093f118f1,40.94343646321877
0x0c4b65beadb705b927ab68a1b00055f74579f997,40.90798956138171
0xd87ecc6c74f486b044824a222326a96f696fcfa2,39.87499901938801
0x76b20a25373250d1229070d8876c45a675e61d89,39.63436344870357
0x152b8c153e4f18bfe1cb3f2eaa563813c758e279,38.694655542635424
0x7aef2d7671efb00a7196eb4bbd8ee7a2ba0e5de2,38.35536918386057
0x3a2d016124df975850b84a6a970ecd5725bf793d,36.39885580386605
0x5b63b4929094c6a68c39f787939b5b318c47272c,35.867114810813455
0xcf0afa96743819d52515bff99635a7978f2a856f,34.477872486790574
0xb84848ce4a46a44f06864b5decc2fe07b842cf30,33.23436092364942
0x5d8cb0742186ff7fb55932095567e8a10d95dfb5,33.126648294966486
0x999eccea3c4f9219b1b1b42b4830e62c26004b40,32.925080537183135
0x1d12d09793daf5eb834c8d29eb6a039c32b73813,32.137911488578204
0xe26edca05417a65819295c49fc67272ab247d791,32.0099172572903
0xc38899d01dc59a92e38cbe5feec9fadd0eb063b9,31.960536864493847
0xee1f07f88934c2811e3dcabdf438d975c3d62cd3,31.592734850725815
0x8107b00171a02f83d7a17f62941841c29c3ae60f,31.467300782860733
0x99ed04c212dd3929e9063bd78b26ef41858cb62c,31.381183579669
0x3ad1029eda5130f499d3c80b4fe8004cd06cb5ad,31.028794763832327
0x84a6a7c0674a3aa03e09c026600cb46181821f07,30.48836402654481
0x544f28b77daafbb92ac35e5922ebede6113ad443,30.008210217466935
0x950a1d93c9d51409a6d537c49ad34cf42e01d31a,29.7595161354911
0x73913cc0481a59706d1f6183a8a66efd930ee2da,29.577874562723657
0xa6fb1a1fff573466295ed477219ca1419bc9a400,28.31149309575083
0x1ec2c4e7fff656f76c5a4992bd5efa7e7ff1a460,28.10687986088472
0xb97f255b37eef7d47dbe1debbecd1f2ecfc37abe,28.072615320959272
0x98691ce757cab86b72f19cba17adafdc5ba6db67,27.221265440832138
0x360c309496dfd20a1147abf6ba8472fd27bef727,26.995167762845764
0x18d1eb6f4a74ab1d4704ec1688d87047efdb83d5,26.990240666851054
0xefb4c56a6c36ca49d352ea0d4f39785dae7d3f28,26.403784204236043
0x8061199a31983a077e691c08b2263a4cf5c24093,26.396308789584428
0x88aaf4a728e14748cea5e9a3ca1306ac567ba472,26.35701801122043
0xdc5bb4f6126a5ed7d99af7e56387db717c1042bd,26.122076057848364
0x1e3567db9024c6af8d84e213c374326a9270b610,26.015785442914897
0xeae2faf973ac080625e53af28159419d2fef152c,25.908922783159685
0x4fc5a19e45de02592a4d0241869f969f68255e9c,25.578242485328246
0x88a0a8c581b5f2c4c8413e07e62a0d1314f1b0ff,25.071174739820492
0xac8804add069588c88585868c10fce5bf85e64cc,25.01271577154017
0x1e121993b4a8bc79d18a4c409db84c100fff25f5,24.720244637664415
0x6330a16d534b620831c1a26c551dbc5f896a692e,23.652758278707765
0xb18fbfe3d34fdc227eb4508cde437412b6233121,23.488800569552776
0x4bc959cded379c9f5e78f108370e81a16c2cfb14,23.47697495770455
0x6d0bbe84eba47434a0004fc65797b87ef1c913b7,23.44896483131084
0x13a4f78027605fa9c7f15296fdbc97240e8c7019,23.381534403980982
0x81eec27e8e98289732ac106632047896e6592604,23.109175143002027
0xcae1b304a284c700d93c861ceebce054d837dbf3,22.673821450597572
0xce1f76ea807d282861ef802d06355c9a19bc82f5,22.528386288844683
0x6d159df1154651d664a9ff484220339dba85e0d8,22.08267457369547
0x65f570384d6cc157a15eac9bfd9da88364d59b7f,21.707376092645276
0xdaf584854eaefd27000ef3bfff4407bd3115a7ba,21.242057579485124
0xad38bb214b171c9702d58b0c941e7fb4a4c01e2c,21.001157075342594
0xe47624e1401e5777f4efa0fcc87a0aca45dab0a2,20.784137390763284
0x68224861d426eb0418ca9589a96a80b0084e5318,20.048680527504697
0xb4d502361a3c6f823eeb9a99af09e110382206ee,20.034243716492515
0x4c37700d949db46aa11a9f1627070f9af31f8011,19.858114385669328
0x22866c5c7f2b5475cff41465c53aa813b4c22b13,19.79169805316745
0xd65370c5565f2bea121f3c22823233f98a4be793,19.700458113098684
0x1b51cce51e2531c478daa9b68eb80d47247dcbec,19.638499875754867
0xc82a46ee1c54859dae3f881f718cd52bf5a034a5,19.463274274960824
0x564b1a055d9caaaff7435dce6b5f6e522b27de7d,19.297999550261725
0xc207ceb0709e1d2b6ff32e17989d4a4d87c91f37,19.187816833309597
0xaaf5feaa9e5694b2b293e67558e2da8ea4b1fb13,19.159595644118347
0x7822159ee394d14745cde63a706f965fb73c7ac8,18.918277853756006
0x604eb5d4126e3318ec27721bd5059307684f5c89,18.527232822352634
0x2d2bf044ad59f8fbbfbd5785e7553af0d4a52126,18.140494197612977
0x25150ae86241d8128edda5039c0fff7762d62f90,17.862672712253953
0xe2ca0b3361d4fa2b20248f34632abf4d8de360b3,17.85265966688131
0xd6fd705ee0b31a9300d3e2154bcce777270cbb6f,17.536031514706192
0xb95c11a236a5bf7c900dbbd95d582be4efb9fa8a,17.18696876118286
0x148832f37889f6c186dd6dce6ab8bf50cb5c05d8,17.181803991344214
0xbb2d41acfea24a3a2ad4a6f95c3ace1cc98c6ed6,17.156346510683687
0xee4c633368f1fdbc0be5845c32dd592c40368bb0,17.152301721162576
0x53994780d09c4dc01d4d3cbd043ecb8c95fd9a2a,16.9900530290392
0x9a82aa6edbc473a883b8906bf41084c9c1b760f2,16.886694361614378
0xe71f09556786d2183d4c64fb317a2ea2c5cf80e8,15.475764768620673
0x46de6387a065c936740f4edb08bd42abebbb78fd,15.263170545504211
0x83b9711b4a5ea2a89606b4f0e4b0a0295b180ab1,15.169516564844258
0xed5a1aa5687de0f9da5bf4c662665eb7387189eb,15.115353556275553
0xbb2f6f057d9c7b75ce9c0e6f21155d298a5ce98c,15.034385986990085
0x720b304e1f7f2ac7d1e60b03289b13a8a764f315,14.731049361843024
0xe37540cf9fef6e7eb1cb8ecddd7f3a92b6a300bd,14.32545646171303
0x85515e6ad6b92f6fb55b61e5eeba44ae07adbc0e,14.0580938739346
0x41de0ff7e391b304ed0033819e91046853e14656,14.046118105562389
0x7bfee91193d9df2ac0bfe90191d40f23c773c060,13.948138147569546
0x89cff61026f6743b8d25ae9b253582083136b1c4,13.22535687362623
0x2d3ad3c5ed5bb99d453a906a7fdc4ac5615bafd9,12.946398857145542
0xf60f773494889f18fc7eabbcd5705334bb7cc6dc,12.412701956992626
0x98f365b8215189f547e0f77d84af1a2cb0820c72,12.375457165660501
0x9880224de223bb3df79af7753dccc66f89473122,12.302596648872626
0x1991059f78026d50739100d5eeda2723f8d9dd52,12.136159464705074
0x8a83716acd66d9e1fb18c9b79540b72e04f80ac0,12.130218094745919
0xc6a8c7f1b6809539d03d2c4ede2691bebb707478,12.0810624998033
0xa817f7d66ad1201e3a3c8562b725ea3baba4d40c,11.93057993208884
0x0b0e1670e2a5cfb56898760403c912402c9e597a,11.794729582947424
0x380886e656ce40bd145a9fb85ac7e3dc51d5ee8b,11.651873161052004
0xf2b8c142edcf2f3cc22665cce863a7c9a3e9f156,11.511237529593352
0xb366e2348ca1e6d46d9124e719be8a7cf4b1dc86,11.412421356448363
0x639ade8805c0081ea5da9495bb50751003e827cc,11.40156026126854
0xd253c7cc525345922cb1de7824a753d21083dede,11.080065085702318
0x2f486cd2711fed55ecc481a5a0ac62001ebfb16c,10.936415357001138
0xe25d56df6edbcc226b611cb95fddeff9cd6d88b6,10.925647817546375
0x35ffc49e7fefc188dff81db3c717db098294bc23,10.82733403490499
0x310d5c8ee1512d5092ee4377061ae82e48973689,10.661557761548444
0xd50f649a2c9fd7ae88c223da80e985d71de45593,10.50921201323843
0x7b3e3448b4430196d4c1a5584c860017224bd773,10.485450027371558
0xebaccaccd4225c0a46c57fe7d9176fd9c1ab9070,10.433082553419613
0x3cc9063e7ac5fa8345e1f59bc32a470ccd30ca6d,10.365700455617825
0xced29ba48490c51e4348e654c313ac97762beccc,10.352698025054098
0xa06a7a89edf5ea05cd4fb613aca2a49412741cd4,10.174139463706037
0xe9e3fb31e1fd98391f57bd0dcd6bc91bad3e5e7a,10.13082408630936
0x0f2f9599c19cddd869d0bbf7bc3bfe354dd5b40a,9.927362839389815
0xff4944f8809ec48d8acc655ff83770cbd4c3a02a,9.793803060964846
0x0a0be1f6f9cbf28b2b2380486fa9c8e532f8783b,9.69330425369505
0xd76a9cba16b91f4a5927bd496f20de108ff445a7,9.544365633116135
0xbae8eca7740719aed4e3bee50b5d35d8cf21e77a,9.450393556388164
0xce3afb0e9c6a021a0024989a49bda86019aab978,8.957461199611041
0x5275817b74021e97c980e95ede6bbac0d0d6f3a2,8.931124298491188
0x7ad356ccf06d94c8a425456068aa4d035e70953b,8.839667389398025
0x7d9a0715ed734ff4225e3a70141e1e6079ca5cae,8.799684568425288
0x26cd02457ba015d12edb985f245c183321b5463a,8.572536836945659
0x42a5a8706f26e26b5bec11ec56fc251ad70bfbc8,8.514915110807332
0x8eb181e3da6e14c6bb5a4c0e8c2f5e8e3da2528d,8.476513809084507
0x915c4580dffd112db25a6cf06c76cdd9009637b7,8.467309405966517
0x58c0a5f11469ea49ad1bf0ad0d25a5cae582dd0a,8.445223002755826
0x6c0cf880cb20eefabfb09341fba9e2bd29ad3dfa,8.429370433234906
0xc00ec5064f48432de8c2b3ca01c78c8d6c1eabca,8.311632274425861
0x9e45d9080795a948299711a8326bf57fa0cdff2c,8.293262082796517
0x3181731945d495f4ed41c423945650ee21d5d68e,8.180554575598896
0xea1feb9a9a006a7fc253c6ca87349be0da072f25,8.02926779423159
0xdcc15893d37b2ad030067e8836448663ed6c3993,8.02725893192334
0x36cc7b13029b5dee4034745fb4f24034f3f2ffc6,7.992022242992182
0x87e32d4631d728d6ad7ebcd133b11febc9da9b93,7.945431679424358
0xfccd515d395fcc855fa56ae273d7837a2db57b7c,7.814280819648747
0xa18a6343c9af008bbc236916a9121bb2048285e8,7.8018545825092644
0xb92480f52f33731568154fa811851a7316c503a2,7.7906086893238
0xe024d0f8b612fa88d5678e279ea236403868f1f6,7.767742788999748
0xd798428e860465e08b522f8440f707593e6d22c6,7.744327002119147
0xaad747958f996b22f360fd1d0e3ba56efd477c1f,7.632246788784691
0x1fe850e040df04f5866912d33d1bffd3179bf369,7.491090446292182
0xb0751ec2aa6a2e73fb3b59fad33af9a498b51153,7.467610092753144
0x10752ae123f8f65ee7609b336c77bb941c584bba,7.414133049521006
0xdb9334f400da78e564142c7d1a2d19515105e7bb,7.397613673383418
0x4718fc7e40092a9d5fc584699aea1aa4c6f63d33,7.3357603277900845
0xfb902be6accb767b78f5906ca8f7a27b113bd44f,7.331265685758447
0xdedda94e960ade948bb12df0f4f0ee860a1b0970,7.32256308337612
0x56451156e59a92217a90ee3f4b7d3fe9044c385a,7.30268930392897
0xa6350252e5917ea71f661d9cedd55f3846829c0f,7.292317407055826
0xf0f51f50565c1a4ea9889ba9dfd2afa4defb6d9f,7.273037937848914
0x1eccd61c9fa53a8d2e823a26cd72a7efd7d0e92e,7.2527929505953015
0x36e992c989b242a098c02735e66170ea19447861,7.17553066267152
0x7e99e2ab40d65f1836b441af005b1123f7615d22,7.076712243004692
0x5ba751cd8d8901f5c003d9452264fba5a0d73bea,6.96347459604381
0x2167e76c32441c4fe1dcbfb1edf0ba2e6d1cd024,6.910931622464608
0xb970c89c27380363626d44f84e2844617e9ff969,6.784320946381437
0xaabd5fbcb8ad62d4fbbb02a2e9769a9f2ee7e883,6.755319808663254
0x6b9dfc960299166df15ab8a85f054c69e2be2353,6.648641341890252
0x4ae958b4de0e6f21d51e73625fb9d5e0c3b0985f,6.620278487732238
0x886f6ab61294e7650de300e0d026b1408f1e160f,6.566086802805848
0x20ee15f4f2fce1c0c909b728f7b3f26e4173eb9c,6.550522683653263
0x53fe88ceb39f23db1fcd4d6beb55965f6ac1764f,6.543571223269201
0x1395de9daec52ad405e945603ea0a9346d00d01c,6.47306036826538
0xb7d49adb031d6dbdf3e8e28f21c6dd3b6f231cd5,6.471991288635469
0xd59e99927018b995ee9ad6b9003677f1e7393f8a,6.382860526705499
0xfb8aeceb6a63c595b01c728e362ea1bc0f8a5ab3,6.3729057226858155
0x281975bf5d79c1e26b431a28d2059a1e750393c9,6.36965509453795
0x61947dc508a76d275deac048f2c657e6c3db2214,6.238056889142482
0xef54a9b6c0f75d3e29753d309d67370232c79004,6.237515604726539
0x24d734a75166e66000c8d7f12a173e41358e3cc1,6.185554836013835
0x9462f58b0ddeca8e8154a19754e6ff7958cdc403,6.169413242268723
0xc9e8212b505f7463b3356855d452cb0fa6e2b481,6.156047613331626
0x7d54d807e9132fc34acde66de49b36d4f37e8e0c,6.1517553718685996
0x01a0f8f364c2fec07cfcdebd2980da3f950d0410,6.071118110068068
0x3b94e427c602cfb6c8f5188787b6842044e875e2,5.952975879886213
0xd0b53c43d3e0b58909c38487aa0c3af7dfa2d8c0,5.667145870897592
0x26a22514d3ac0b05e2f4f04df96ef302ba434cbe,5.646828641203798
0xc48b8e56d0cc0334a9a9d532b3da3471455d5b6c,5.567095880215032
0x40581470c9b8724af5ed35b72201f5a434f82340,5.471374283616423
0x3bba937a4db82bfabe6aef7015a75e9f870533b7,5.4488871753111185
0xe6971498cd7fc0df1532297ca8e397940dc237e5,5.415818834979223
0x1fafb618033fb07d3a99704a47451971976cb586,5.3995788404967575
0xce01c2c115c5f7d8c829e270bdfbd648da6b09b6,5.3393425916439075
0x63dbf00c99ead0635ff5adf2fd2f1f7f2141fc7c,5.318868417048148
0xc16e8f5ce96515e5ffdc198f23293d75b42c3266,5.303365211835665
0x2e44a820d77b013afa75766953b2f819e33a19c1,5.219176243258273
0x0ece7c1bfc9543b2cbea8f5577d02e5f59a9f176,5.102152523226496
0x14a0a9e3cbf0ff65afba891a4ba8bbf73df07987,5.064317047478913
0x86a7761ca35f607a9f5aac0cc6e45cc8d4afb667,5.058135204532949
0xf3b0f4411c77c60a132003dbc01d58fe137b75ae,5.04493898265213
0x8f9f67770c8cbfff7d5748d15996dc1cfb2fc5fc,5.004933535079995
0x4d0622404f4510b32a296c157ced7286e442ff28,4.982408002343788
0x7759d0dbeab2270bea6f35679344d4d67b10cce9,4.890717381617511
0x03387d5015f88aea995e790f18ef7ff9dfa0943c,4.852171212302829
0xbc641f6c6957096857358cc70df3623715a2ae45,4.850255861049096
0x806388e04b7583a0148451a8ecd29a748b8fd584,4.815645425858555
0x32bbc0b35a2ccc6a15eafe3ad91bccb0dbf1059e,4.801612048626636
0xca1fdf94db892d503dddf414643294ea7cfbd8dc,4.776847273502795
0x5f763818b45f7bfb2f840f7c13152d1783c9da8d,4.754575953855405
0x658e0f8a4644719944655b59201bc0c77af9c002,4.712112705171477
0x151f6285d5f64e491ee5f2c059b1c0e15b12d4e0,4.695890746024391
0xd9fc24ce4a909047eb368aec53d7ce93bb729dd9,4.675671636023636
0x9f87fd4314d100097223fe0cfb66132ea67fa730,4.636792917977661
0xbda23d50dc2a7f5730fff8175c8cd4667af815dd,4.624369087214109
0xde7e8fb53e3eba9d49cb0bfbb9a93ac63aed07be,4.5709308213608875
0x7e86b2e9b9e6c0ee02b0200648d9fcf20557e3c5,4.491077379909712
0x53d8edf6a54239eb785ec72213919fb6b6b73598,4.416223958762876
0x3116a992ba59a1f818f69fc9c80b519c2bb915b5,4.3970818002917555
0x5d6ee40167b0fddad44f307d3d1ae6a58d6f4953,4.320105574266916
0x957ee7a79cead5337746a468ece63c23bef8bd4f,4.311730079613324
0xc0e7dc00d7b898c5318a402873d0dd75eb217d2e,4.309537301102812
0x51e00f94118e91fcd233e85dda49085258a05ea2,4.2934419408092
0x1f7112c065f02c857eca7a8c27e109b1e81dd294,4.268154199462685
0x38abd5912b5e2537b9e68abbd8d037d0e35eba0e,4.191970092803301
0x991f6e4041edb2cb7dc3a75b0bff2288e7620f22,4.1743324805704365
0x7a8feaadba4360697228aa9b2a5ebaa769f68905,4.122814059590406
0x963124cd39589ad8a9ec94ca6a23c063e79e76df,3.9978167198761256
0x4a95a1bd27bd98b4880a4ab38046bba479298065,3.9775315284824777
0x8022d66041075ac83d4cbea30a60a6002e3067e1,3.955270270371192
0x9d6e728423f16747289ea285ff66e75440a26cd2,3.922637072942112
0x17242028566422ad605b1211c8a8574ba4cbb8be,3.894759667193272
0xd99b7858eabe8b48aee66742245f48f9533105bc,3.874252180673816
0xffdabb051fe88529e7554c57ffd444abbf72259e,3.8261686333781615
0x8e0c72a714706f92a19c30edfbdf03c81f73875b,3.8221081230262333
0x3fddb5cf1e8e5696e1c76bf15f454e04cf161c66,3.7762757528638624
0x0b406cd4e0633d9b8ed24876bc9f404a96486e6e,3.766215869910743
0xff995cb375ee6fced0d7d13cae394ca6d1cc0f7d,3.761155063183135
0x16d1663a00d4d1a216e0baa84b0abc69ba35c156,3.7576943584028624
0x00369b46cd0c232ff5dc1d376248c4954ce645ee,3.710691545633915
0xa0f8bd3ee367edf7b1079f3df108a8bc8ed183b9,3.6369571658808764
0x1b84a7c124f7e4a267bff387a8c76863e0eae208,3.633331318353849
0xfaaca6db387d3a2824ede72ddafa9857384c75ac,3.604236874067299
0x7b2366996a64effe1af089fa64e9cf4361fddc6e,3.60071007911025
0x4185371a574135501343a199fa85679b40b75b15,3.5959720756122144
0x1fa4823613fb2424cbdab225fc1eefe3bd293c84,3.589401601480594
0xb89b8702deac50254d002225b61286bc622d741e,3.5548342031968256
0x433cfffea18b811017856e9659ada4e6b441312d,3.549652720695198
0x0b0355b311af02bcf628ccb4cf0cb192088e5c32,3.5250780292658948
0xb88d3ade7e4231c97038f6d82475a233772ffc25,3.5127039339778534
0xfbcf22da9eff8c059f1d637d21c3089769f7525a,3.4941900480139725
0xdb012f63fcad8765fcd1514ba7fce621c5577892,3.4941844622883007
0xcd763667cd74543bd05c19386347441d3d3f6392,3.4914341505675126
0x780ad0cfd2292ced8eb44ba4a0ea2f70b4551c8b,3.4836339955859095
0x7ee5b3ca24c7e9a9463ca8d5ac2f85738c2f03bc,3.456570948489904
0x22510fe99f63ae03ba792c21a29ec10fd87cae08,3.434531712122183
0xb24dca776c1257248024f8fb4315d5f5009217fe,3.4251246999919407
0x88b79cf86f794b8b36924ed451c2f7bc0576a8df,3.3731601474841115
0xa35365238b226d8c2db8925964bf45787539d232,3.356353417934199
0x496e11c7b4c1d0ccba2282213bf9f48528c1d8e7,3.320303693967581
0x53c40473dcdfd927c4201ccfe24e314a7d7c3584,3.3129413062251367
0x2d617f438116d107e07c49d61d4d7217bb924c2f,3.266832969067778
0x7fb2eda1a56baec8a5f1764948d3b1de03059950,3.25135305280744
0x246f1158892117e911d2a5247f37e63f84072150,3.2433079496501147
0x4f9217a10ee4a6c3c1acd3f01f93af4804342cbf,3.230461735089196
0x5595f9e14a9a3b957d08e904939aa351e265c157,3.2280157569833983
0xc4754f7da715aa37c7075d8400713378aaaf4f30,3.2171553184597332
0xfcc5c883aeb32fc31debdb8218bb457ba9741a48,3.1689929001153496
0xedc90f1ac0e0eedd7d700570a50a6f6cf494a4af,3.1684929141326914
0x25d56aca979398aca283611258eaf84de39c0d9d,3.1395830568558747
0x10642e574a115e89ab52c39918ddcbd1c41997ce,3.0798347514292073
0x073aba73177668ba1c6661a4ccddbf77dfc8809a,3.0241866012210785
0x27ebbf89db8ad8b430de2fc71e4053f1fdf00703,2.9885076352164273
0x87c0c0a2d4b9e39a1b6b525a2832a3e080ed6640,2.979378312457866
0x87d594e2dec9b6221974ec21d1cc5527000e20e9,2.954657832726947
0xdef090607c0628eb1c36be11038e68e0d34d44d5,2.9511005076916796
0xbd82adac8a20ecee45950ed996797324bc4448e5,2.922252576899139
0x097790d228a564cbc7012f082cbcbc28288397bd,2.9133127531098117
0xba60bf5dc9c4a4823ca135d1c06a59547eb018f1,2.8928533390683797
0x45b14b5d5c536c3faba451a1ba53387dcddfcf2f,2.892059051513087
0xe42d7c1f005abfe238808087f60b27eb84076c62,2.8754995177038443
0xd5431fecbb14f20f8ee68360b586d84d589f9f77,2.865615203751743
0xac59f71c383de1ef94802676f72f1bae3d7d3029,2.851637587359652
0xe4f077bf767a57ae9aad77b0ab54cbde0bede65a,2.800958352557789
0x18a428ce0c31584a21cf8cefdb8849d8013e1994,2.7296170248281726
0x789a9fe9d50ecf6f16022b93ba90b65a4a04bf5d,2.7121945888376895
0xa98e8ae532407d49a40da7ec3fce1fc9973d40a0,2.6819205099297942
0x3e7dd7df9c1ffd12b8ecd94a27472bdc4d87ab7e,2.6471060500360895
0xb126afa1075bbfbbe49e8321c6016f9b7ce5ca13,2.598601586630746
0x75d7b98b1c4bec2444c5a26de608b55f56ff9faa,2.594504335757142
0x6fb34dc6febadd5cfcec48afdfdc44449debec48,2.587877791249262
0x9d61789396e40d2e3e36bfe7ffb241423a13e106,2.5856589529315857
0x6c471deb9af02466f2b6b23ad70890c94f199f80,2.5423517881941766
0x84544f4eeeaa794dfb2fbedbbb1a40b9991e3aea,2.539832405408787
0x55836e71979b41a28ff1e85b9b2e6f7907569c9c,2.53766367494341
0xf6f78960e9a132868f3fbf1458960dc2325097e3,2.5071036737070242
0x88b1569c530f9abc6071c3cc38a05c744fbbf2c1,2.4778966603328367
0x24f5ee0991f95328bf74b682f6fad54cff9c832a,2.4552797048612116
0x1e307e88db7e3a5eafa78428d81e9af989e738d4,2.4543438535327495
0xfddbd16c471878d179992a491438d9bc0a162a17,2.452887024694245
0x4abc33cf81e0d21f42168d044f7002edd6b80b09,2.3932061835446423
0x70e09792e94b04cdb76abf7aa24781dcb4d37e2e,2.3800603324686422
0xa11e70f09e67c6b5472eb79c2b56dd2a94c21bff,2.3665599108881246
0x4802de6e932f46be3d2b0d5e3ca6448cafc4e538,2.3623878598814345
0xa0cd2aa0dad8c5a1b8c9f0549a9d042b7f9a9578,2.338774368155001
0xc05b9bb6f2d89e95f435e35d838d640a49189ecf,2.3377256318596342
0xfadafce89ea2221fa33005640acf2c923312f2b9,2.2978090495017467
0xf33444d410976a7ae5c44b08af263671c3407f13,2.297068036476882
0xa574100b2e3fa487291a694143d9c02928bb59aa,2.269751492242825
0x590012130665e8977f9f62a6bce334f2cd86190d,2.2662553912240515
0x1f6b1484cceab856d2348a7a43aab02c890719fb,2.245980684462215
0x81c5e53ac8e5af8966b332742fcd2e06d101bb70,2.225939603154772
0xba3a6b9c43e74de388550e9bcc73a81a01d48cf7,2.224574761719311
0x25e6f3e429ab5e859d8fb63d40b1215ea31e9a5a,2.22037752531926
0x9f615eb8a55d8c23b2b5d38b16bd1c1b0fbc331a,2.2152993155773117
0xe5df082d70013a3499a138fa6415d835c38c48ea,2.202977761508182
0x7c6b59f52578a1bea4f8d750c5b4bb044669b5cb,2.195373997364122
0xd6f7af0285068e3745f39607b9aa5f81fed7a6bb,2.1903880351008485
0x538e597a31f044cd0d88afa914f2602d08cdb7f0,2.186909335155739
0xdcfdd07b1d0cd1fa19f72126c95a6c3a828cdf9f,2.135895304902784
0xc7c10871096b36b036e41d45d15b32b0cc74b806,2.135868109071722
0x48563b586c509faea52e17cc42f83f14b1d3759b,2.1354797281625157
0x5404321d9cf102487475231b9876eced05a6837f,2.074825480056177
0x0e41c9b548cf0545377aeeb693a6006172f1af81,2.0726398846268377
0x62ace6e511476adcc8635b92e457f604bd22ad32,2.0692663328811185
0xde2f2aed377e8e9a015a2a91954545aac38fd83a,2.067248465454459
0x421a8a0c6388faa1550e2636538d8d7605a8cede,2.0668910812803714
0xd6ab15700f2fc1b31f293a32c502bde51cc532a3,2.0493310247450607
0x656e1a01055566ad6a06830add7a0f5ef7dd2512,2.0306959728613276
0x73a6a002b9538f636fbfe6bfb8b7440b8b3a510e,1.9904896764279876
0xb0ca67f625630b7cfe20b6797d59b47e25441d8f,1.9417488034406054
0x9cbef581b10b68f787ab27bfd22d765d3796f4c6,1.9199431587306244
0x65cf8ebc125aa5e320fb8dd5569fe1b0a86d0759,1.919467149722196
0xc255e0a1be0a4b7b8bf5ebe8d0aba162cf75bae2,1.9151816304694582
0x5c93824bb6177263fc263a99e25d789795a071b5,1.9150577138506273
0xd15b4b3f7376b6d1ddda221f225bc91d87c5c212,1.914033217105783
0xa91531e2b92265d071d60bbdc369612999b4dc2a,1.895398474636527
0x6b3a756407a013453524831bb7174c54c43a5c3c,1.8924609796388283
0x3cbe654df532c6b7e8dd6428617df7359d468e99,1.8923868638001062
0x1e068f7a77434ec4ff313b087a55ab3b50174ed1,1.8855254016315002
0x92a7f0dfb36af2781f4c56ee7f7458794343cc8b,1.8777957782872792
0x5789527ec57ff76286e42673e7b97e692b13f6d0,1.8737343598883571
0x0c1e99991dd2f7d374bff13f9f52284ce6cfdae5,1.8699213863304893
0x4e77477cde828befbfef51c40b05b465de55c9c0,1.8640259228067717
0x0d83da5028c2d5e9dd9661d913799396bdf39699,1.8602338554607465
0x17fb4db24b8f1817bc33d6e167b105fd77599c28,1.8331778077174108
0x9322c6ccbce9fcc9bdc45fe2830704907330454d,1.8329662766943835
0x18bafc34abc16187b5887742c3dac59e5b51d509,1.822036147245297
0x1c7a9275f2bd5a260a9c31069f77d53473b8ae2e,1.8157015814427229
0xb3f09f6d5d1d22579383e56123b7c360f343e255,1.8151830446326178
0x582c34536d7f4a2a5d96118d5d80ba3000c6b5af,1.8135428851034319
0x08e5f4670b8e70fe77d952ba0fbbf9f4762aaf73,1.7990766024783427
0xf9768bfed50b506c5536188af0fdd8d0190a847e,1.7933250405426497
0x862f26238d773fde4e29156f3bb7cf58ea4cd1af,1.786276413528511
0x9acbb54d3d5ae1d8c9e490f94403eb8e9f3f0396,1.7706332111170946
0x6314ec8d6bcb8ce2344eb462610ac21692a81f79,1.7640120665649517
0xe649edcb64ea6512a95b150da18bfd20c84bc549,1.7630785737649723
0x1a51bcbc8d3642680d8267550f54e6e4cc5c4984,1.746180050130709
0x1783266782e225fdaa90734eca3132e9875f39cb,1.7385501277819435
0xc02bfc8c96477d82ae78d3212b802c4bfc820f90,1.7376640230470715
0xb347b5b99c49ce6c555071a1f0498c81511ad977,1.7266470859633176
0x935361eb81ffe4eef326902ac37e8aba82edf403,1.7215637972093258
0xfa5756494fea34c83808ccb6626f6b7e66d46c4c,1.7158036545861277
0x87771738754896556eb349f024e497ff73431905,1.6976932020136335
0x55d4d190914cefecd37ad6b67781af942efa55fe,1.6932056653668375
0x09641015fb8b08388a7367b946e634d37dddffaa,1.690720387957728
0xd50bc8e985f3f878511ef750fb2d14ae8077c6b2,1.688980229221395
0xd00e92ac4dd5bf9655ce2149b21d8498f6bfb464,1.6849849400598649
0x4967056eb4d9ddbf4404f110a3164b265e4fe4ab,1.6605366901802774
0x788c4f3aeb3679334ea5a332d7b9c012215acb6e,1.6556835348529042
0xad6c3d43b6765f2289b02384f0de412bef87bd37,1.630612327061945
0x108e4f1486bb38b60629ab570d82bf5420181217,1.6188372733284961
0x5974ab4cadc4f429c1a477b0b52a2209afa0179e,1.6010185545799758
0x40e9863b0b342ad2ef53ed25a49b46b4527b889a,1.5958014214010374
0x6d7ac63aaa7ba8925dcb3e44be6355261dcf688f,1.5951599019496148
0xb5c46131b4d8d13e4c0e476b9a2ea5b43945891e,1.5824762909136478
0xa3dfb42724734d74d1b66f6f12a4afa5d7d38df2,1.5781014594412466
0xfcffac7ca0fe69461dd32cb1286bf31d2c818ff1,1.5539924591377148
0x6fb737d1ebb73cda6cfa36fd16d9273065d1b084,1.5529268574665287
0xd2bc4e7ecfa4ec39069623854cd114dcd8771b84,1.5482753747106435
0x022766b23fef0f84b3c654e954141b0b4e38005c,1.53842935633838
0xc1e8cb20317ae543804ab1d58e954a9c0b44b7f0,1.5382395408000837
0x8d3cd61164ff9a2ddcccce933c5b4608f6562a82,1.5362209227831387
0x4e637f44413e6da43bce0a0870e89065286c1c86,1.5321267562449938
0xebc570e8395960fbe050d4e317cfcc92aa0d7f14,1.5204929190927094
0xd6adec0274db64ec5cccde5536a767f9dd8da87b,1.5162226039741273
0xb297e162f06ccd1cea309cacf591833324e9b190,1.5124911382229471
0x70cc6b20a71e0632b63ac88063e5512ecb2880d1,1.5107647500133539
0x88adff961770db02de09e69781f512160e1e4f51,1.4980220054050342
0x2f059371297852181bb3565f0d07378359f76690,1.4864118935026016
0xc0dacf029bc8c4753dbfdf9af8408d02bca4e8b3,1.4767761417772076
0x4e42abc95f1e4f2e0e1375dcd82c9ef57d27a9e7,1.470675338370122
0x4c026d5d6a7fe1b2e2b28b916ef2016f6058f7b4,1.4670629966093518
0x7a601f344f1c7353ebe5cc0f6f8bcc3e7aae143a,1.4494994997838246
0x05d86155059212345aeb0224ae0b717b7099dfd5,1.4315838551204796
0x9f5810960af877e908637fcc4b3ad87f53469232,1.4238227633962257
0x13bbe7833c3593a579dee1d08e211022d67d3840,1.4233860026397007
0x364e57926d3b171aa3cee641cf9922c70264a2c3,1.4231598073675638
0x86d64810a9819b2fb8a69e43f19ee4211dec8efb,1.4160842703998648
0x25be707bbf71cee4f062f574e665f142e82cabcf,1.4105134193177342
0x76da9f88e63a85ba8bfa19f3821d5a271753d3dc,1.4072168847562858
0x5443ab072067e1ad408d7027a236b184472f4122,1.3800735675919629
0x963acc96e1c79b541f8cb08f351c964cebf8a2f1,1.3773198573875984
0x405090049264c68679dd8d77a400c118d16c79a6,1.3734434195238445
0xda29c1f7419529f2d97f054cebc1cba22eab0b66,1.3671215061130215
0xb79f87be51c5ea9d6c76b363fd710e47baffeb88,1.3628429991437976
0xdcfcc77a2e690141432561a9746c125bf6704380,1.3554199868883219
0xab877106be9f2bc060d523d0f88b208eb5f9925a,1.3400188002541125
0x14e6b828adb52153e5bf7c740a1a7312ef4b8711,1.3270706765846891
0x8761e0dd63d14cf566acf4b730f3540f164b6b56,1.321130472015532
0x58e6884f4c0c5f8114854ef7322b4cf03086f1fb,1.2926594431005174
0x4523b791292da89a9194b61ba4cd9d98f2af68e0,1.2886595231368088
0xa1fcf52bc3ece251385f7516c837188adde259ce,1.2694982445277503
0xd2b74b7b048c635d5c4110c594bec7b70e72b2de,1.267081747509587
0xb7377dd86d8c1f15771c9f420e52325f8c18cc86,1.2650096141253646
0x9ed04a577c1c37e64a621b0bb21a21b9a0483948,1.2228435658498598
0xe3e202b2cac2b3ec41219c69fe0d2352b19cef69,1.2202769825745665
0x7b469e25e1963092c8d1f720905c696b2a21a3e7,1.210952593959564
0x82d8d99955e38239d865a9dd0d44ef5dd06ba99c,1.2091482583184936
0x349fa05334c0a0edc9d34acf088f8b85c87ed9b7,1.2055528603563552
0xb2812370f17465ae096ced55679428786734a678,1.202180541394157
0xaebcc707edac413af8782c5bb1a29a6b2d904719,1.190179096406158
0x592677809f71980a25836b326686e55b013108a1,1.1865580812876277
0x39dd945c5426dff699af3c46c373c0945b83d658,1.1817319275287306
0xb15f67621eb58f12865e327edf0c850bd75a0b57,1.1761772184616324
0xdc808644dc935dda815742a5adfae3860617261f,1.1760844800674215
0xc46ecbba0f4e3b0fe24340f28d420b0e8f00a821,1.1717893312593333
0xcdd1901630d204d345b8a7a547a14eed0d2224c4,1.1710001043930143
0x36dde157980fea9946ee78231ea5c73409e31ab6,1.1643129468897178
0x9992f53162684d385e9523aad5f7c034a9793721,1.1582688572028725
0xcf2b035c39c832be158714134bcccaa4563100b1,1.147787269816835
0x5092a2d7cc046630d00d1f967e49fe8e7eddab53,1.1400459458679462
0x3ead00d7e1b95c5e99f287f04c72f62f2cb67c80,1.1389182243049372
0x69e17c53b4b7fd9d6d81ba620e2e0d0deb2f880f,1.1196050384605176
0xc313b6b8fb7ed5e092c44375f928c40439278fef,1.1175312740594734
0xe4664cb4dcceb441d816cf80c0f9758036222aad,1.0766391387828673
0x383b6ba7342567102ba2bc95d9bda13286a3cb26,1.064129920952135
0x8251c0d706119f245e7e2871d0e59b64ab032fc3,1.0607763844360225
0x852e45ed1a6502406af4c409df4e0eef3cc0a0e3,1.05570990582747
0xad188e0b434cc9207f82d342f42bb0c32f682bde,1.0515431112399731
0x3cad036e538a1adb00d0bd0553be5cbf4c981738,1.0487840312882886
0x4a7dc0a1f68ecffd1588df798d95c95c8aa7efd9,1.0479110514676344
0xb0812e0006470fe99f71165fc7c1a2312f7b90f2,1.0335651664970191
0xe9895b7d492e15b0f9f2d99b1006bc50e3816063,1.0093549620089763
0x29687e2a2b38bbc1f4f9069f1f24f13a3c83d27d,1.0004670227496464
0xa9c1c504652ab74e5fd22d6f36df53a2be4a4e0b,0.9996928651940638
0x4c088fcfd5815e8d563971ef35024f97b6ebdce2,0.9994067817550586
0x7544af54416cc100cc1b4df6180b4a54fa64ec80,0.9755108423466013
0xde4288cbc81605e615e40aa0e171f74594671e53,0.9665976397959363
0x93aaa57b7d245c3b9a0a9c0a16b381e5baaef07d,0.9664198928725122
0xf3e5a871c04a6aa5e2085ef65cf6c24145b6b7a1,0.954125769977556
0x9371a03a0f8343c34218f4130640081da75c4689,0.9404881094136067
0x0a4d65bf6a6efb21308605904f55b8f23b83054c,0.9366823871370773
0x79ad42161a55840d1327c39d7b47d12d6cc4c68a,0.9356402132959769
0x2c16b2970e6dd7fdef0bd317351780e53c3abda4,0.9266528970869325
0x0f8c70ce71c32da2b6f6583e8644008c3ba3ab66,0.91824601368477
0x6b4f384cd9213a46c3d454fb8a4989fa8f5ee4db,0.9159171157476826
0x1928c92c7b9d9a9699776f9fb57ad6c84b44be33,0.915554643414827
0x4e7e322cedd9c7c4a80fceb01f6a1e8b872a99c4,0.9134340805529574
0x3a8315e25378ce9fc0d3279b26ec0576de52c0ff,0.9055131731578486
0xa74fc1f2598d26524e4e9f8c422863031e0420a5,0.8700230910292803
0xdb611d682cb1ad72fcbacd944a8a6e2606a6d158,0.8678595442345697
0xeef1b2fa1743e9215e1d8881d52b886618453c5e,0.8587880186458843
0xe0ee80f8546ce8ab232f000afcc61e4ebeb4d14e,0.8561615524970606
0x602a8f582b2e84a49f91899d6cdd36b825146637,0.8531587933008404
0xa0d8dfe910b67696d00d05559666874e7dc0f04b,0.8504381815184298
0xbcff81420d024627edd07ab9468aff7881805d57,0.8501074337823885
0xfca2aaeb27a75ea21ee57879242b7de7247a3f04,0.8340780492891035
0x71535aae1b6c0c51db317b54d5eee72d1ab843c1,0.8307239157113802
0x7f017f95db85de9f3ea5f5fac3c407fd276d16df,0.8244727439296512
0x0be722795469468e04ce572eb77eb5882c94d6f5,0.8217647233265781
0x01ebce016681d076667bdb823ebe1f76830da6fa,0.8182576050380421
0x48888db73eb818dec38fed2c8d4d08252177de0d,0.8044971878943068
0xa1d509af0ab2e2c2fbff2ac5bb1fad50ba16c65d,0.8032317245359312
0x1f723a433984cd443e2d07dd2da157e24065bfc4,0.7970356198085873
0xee1d31617a74da027b5f8e02e4f3400d49dafb4f,0.7957328808948202
0x99c2e4708493b19baa116e26dfa0056f5a69a783,0.7956155652925563
0xc57c51d4978f96a40937e19db35326dca0f5fdd0,0.7911787766227434
0x3c888a0231b3045a7e204ebd50b03ba4010a5790,0.7816237123259869
0xc555347d2b369b074be94fe6f7ae9ab43966b884,0.7642330510218124
0x0d996171e7883a286ef720030935f72d0bac8219,0.7611439105307901
0x5943111b15348a57f314c4a8f04ddd21d2863ba6,0.7365436936851056
0x26b11a2497381ef5e28bcfcf881185791ba11a5d,0.7344097027351604
0xc1791da88cc94c9a39e606d8760183d21268dcbb,0.7316495934901224
0x63a6decab8fbe41d49a0f1c695e4f76446ccc892,0.7264458982707805
0x42929deb1c01e8b2d1466c5572e517b4456e4ac2,0.7211592512241112
0xa77d0868a5604d3b525cd323ca4cb04d6d11f279,0.7207495446694729
0xb4f410c00c48c41a45813efeb1723eeff6c1b7d3,0.7207049342009625
0x3831d812f87814b2203615d1bf1a647d1c1816c5,0.7107179639388262
0x29f7114e0261ae413ecc30ae3849fdf929e45f35,0.7059874843473609
0xa1b16f9148b86ae38e745080facf518444efbf54,0.7042259642703085
0x738671901affbc417fa370cf936e461bb5315bd0,0.7032374949008675
0x2b11b02f5b32056af20cdf8a45d4f680b303b3a3,0.7001352879845352
0x1a87fe212028dd92fe97bba8e2bafda2f146bea7,0.6994390018851017
0x173c46e68187c09e4eb1d223b90a5789f7e6574a,0.6980785808401585
0x78f0c214341dc52026b0016ff4af92dd05be1f83,0.6976342085927155
0xcbf8168418e618c57ea52a6128cddbc096d3db37,0.6763442329841972
0x3e4d1d3ab92490444bca4ac8b8664124ae4ba5bf,0.6725209119291747
0x1119d84423feca63f41d461cce32bba23a4101e2,0.667255549276449
0xcca89d02b1fcb375ba7296c4173ccdd84102cdfa,0.6670918768065734
0x2fba909aed4345ac0c67c75c51d955f822b14629,0.6613266071356767
0xbca574fd1b10d0493c052ca8277f64d891d9bf75,0.660186088789233
0xb4ec60de5ee53988e98f596655ef0b7110bb8d95,0.6553123555393077
0xc322150ad327091351af0c64f82627098cd04924,0.6519735001916142
0xc247c61c9c094437b5b720bb7e85e2a72d8a1798,0.6494937133853724
0x138dd537d56f2f2761a6fc0a2a0ace67d55480fe,0.6436549760297241
0x630cf545b04b6458fadc98654681456009f19478,0.6414961472646831
0x203cf11d3063ceda85dfa017177ffcad1ccc10f8,0.6413604305612427
0xcf8baf60a43eca451e12d11a6daf3ffa3474fffd,0.63952043990503
0x3bd044d4fb2896b387b17ac947ca6736e9d9bf5d,0.6041692940670845
0x09ad186d43615aa3131c6064538af6e0a643ce12,0.601423903063364
0x15bc539b99f7019fe0d025ce26fda395b17b5f74,0.5992947440822041
0xfb43a5d6be49413d4368be0b3560abf675764afd,0.5986722343625251
0xa325853f58affb9810b1e0144f119741b5ca4b5a,0.5977909573284012
0x5a85c882a0d7a619ac094790b6d20ba7a2839362,0.5950801141388948
0x7b4971ba1e9ce2f3fc9e237d4e980e1bad1335b1,0.5930597013970432
0x545116940499a525b7afd7720b65ec8d400e2e79,0.5752373208359505
0x887b86b6b6957f7bbea88b8cefd392f39236a88c,0.5703847498149628
0xf9f2579de0bc52a19f088dc17a993e5391d57409,0.5650534874800024
0x4d5bf3886935d0966479c651a3448ffaaf32252b,0.5638964485384379
0x5b82d74307d75fde3a5da2cdfeb60ed60430f2a8,0.563726441103335
0xd8dced4d747df7fb7e501940f129faeb9f13b692,0.550189712643686
0xa09e0b9cd521abab920e2f3c5850f854be1dd885,0.5461769449789383
0xdd7ec43863408cd689bba63260cce5926fe80c7d,0.5385148208456237
0x09fa38eba245bb68354b8950fa2fe71f02863393,0.5315965173253567
0x2d1bdc590cb736097bc5577c8974e28dc48f5ecc,0.5314678093796149
0xa669070d106e96cc2390523e9745b425a1b3a0e0,0.5199757166056032
0x8f5db667276e9d805bf5adb315374f8fa299699e,0.5155502072895731
0xa4c9d9a5568781867a61a78b96098036defbd65e,0.5134338369927146
0x5ab0e4e355b08e692933c1f6f85fd0be56ad18a6,0.512502907517722
0x3c7108fad72aba31e2fa59dfbc458b54f58d9966,0.5064895591614376
0xb670359a3719b4de42baf5c548e5d53637b19b94,0.5044537958873618
0x13d1df7cbca9b818f7ccf1e5c73a6cc5daa04142,0.4965156880525941
0xa856e0ca37d3b64a137ad5d3e20c31843fa9fb36,0.4959222523041848
0xfe57e3be5fb69aceefc65152905fc99262f1402c,0.49549923827164166
0x40bbd0dcd17ecd2a3ccb6c95f76a6e7fa3155892,0.49500891791580254
0x5456b8caeb4fa3e9795838832f41de0dd96c7912,0.4895562528191184
0xfb62df8935504b3f1c2b13b10aa9d8ee67e34690,0.4808986913334535
0xa82fcefd303fa68864b787a5f118b09ce5a4c93d,0.4788348124807437
0x72721d3f3554519b6ac6aa676b3905964caccd86,0.47617102654857896
0x9325564ade7683706107685cf1993678b1163261,0.47328190837545847
0x4ee090dc258bfa21f0c8fdc6ef7e34e2c97b3d17,0.4696540438277474
0xd4444fa606568866272bad77f8a6781b5da59223,0.4678153610517034
0x87885aaeeded51c7e3858a782644f5d89759f245,0.46681262927226885
0xe8812ec6038bf0966fd79b1bb68b14e57e46fafb,0.46382426224930856
0x42ab995dbc06535334821c6e4c966a8fc225c9f0,0.463441622444491
0xe6c5f71c22bbc47362a2e7362ed4862077047f57,0.46210827126159626
0x7df6c4aa3144d6f5335f49bf8383f3dee6ca7334,0.45937936690267167
0x0fb773f852d58b0af2723e4efc29500c35e5e710,0.45910968304082017
0x6e57088cf525283a0bef7498f26f934769744587,0.45860055092969876
0x186e20ae3530520c9f3e6c46f2f5d1062b784761,0.4555388850919276
0x11d0b9058104247be40744b1e5a708fc0ae8f7cc,0.44887225897156685
0xd4e84e1a4907190e3f9718adfbd1f00b0b9be7d8,0.44869702858377064
0xbe0c0f773961600b763a376795283fbdb0c3f197,0.44721984129542314
0x53e9e2eedacc5662fc539d7f15bd8e3ac03a6034,0.4458841543641884
0x68bdeff9aca67da30ad7e78feacb3685a5c0863f,0.4447087014451819
0x9e9386b977144d88033d8c2b5d1e3529e5b66ab2,0.4407502983544185
0x8de31585c8965113db8a456978dd81af0f0f4cd3,0.4405478028654455
0xc97db12bacaf9c724d08b570d3e5c65eb3f73799,0.44037938400438414
0x01fb5de8847e570899d3e00029ae9cd9cb40e5d7,0.43455133660709055
0x9fecf056375a973308bb3d6fb6b1c230cfd21456,0.43253870794811905
0xa7255773acc951850348e4885e8e6433d8101980,0.43013664260143447
0xd494033aecb97d4ff84b7fb2be33e76fed69f66a,0.4293100995802776
0xb86662739e1acc01d9ca9c3c3dcfb34ae3f0332e,0.4229162969138266
0xc634f7bf06a10b28e3854d7b61b10adbe894a399,0.42009394488815294
0x22ddf0610dfb3ccfc220bb7f81651f34e848d62e,0.41999807680298745
0xff0106f0e27c7ba14063fe1ed64f064838e319ad,0.41893790890615856
0x945d5bcda8dcd9cd8b221fd23cf4b6c0e7e50bd5,0.41758631459976403
0x13aefb413587a35fedff8c9cfe5fa86cc3d8ea16,0.41399298433452875
0xb020936042fbf3472b6bdb34628bcca3cf78da4c,0.40817624502680044
0x10bf46c783e12b63766dc07a71408b44d8d3621e,0.40548181069127287
0x794783dcfcac8c1944727057a3208d8f8bb91506,0.4041792809536489
0xb396347aaedb1ed1cc941c93a6b07538178f89f2,0.4034303794149771
0x4a7fd8f063a6eba78f731f562a5a1e9fbb3313bb,0.40088240557761157
0xb19d6b66b18fae0fca1023138b229e5f970b5180,0.39585710933872564
0xee9af6b897cf48d2b295588a3b4f1511d181947a,0.39388245840187375
0x392027fdc620d397ca27f0c1c3dcb592f27a4dc3,0.39350660755526135
0x33bff8d4f1d0bda54771a45a35659c4d44dc1cc6,0.3825676006351072
0x67624e5bfef752c524055482a88ca25771abd8f8,0.38242629300852443
0xbb5ad3dee7ae5d840f025a7fdec61857088f8bc1,0.38130428692441476
0xa4e7918fb5f4a8c12f9513b193be1d764d5757dc,0.3805955805767333
0xa5911de702fd1a95e3f63581037782819f448913,0.3632195102635073
0x5ebb65afa7b72aa6dadb7e83671d7756c0eceff9,0.36038399965925483
0x4b4aaf134ed13ad338d6c2ba8c9fdd429ae2c275,0.3603264636560692
0x4c447e2fb114b85cc893cfebeda9fde3a9aed85e,0.35733327750450167
0x7c2a24e8f09892d42b4cc78ac0c379e5ea2ca330,0.35394658800382645
0x0c6ac3fcea667fd6c62483ce1dbbce6f6ce0fb1f,0.35240898405610793
0xf22b2e7398971b1abeae8e7d51105b662f49b386,0.34505624517914923
0xe9a14ef5a818fd27b636695ac34dd4f63de88350,0.34459073127498646
0x0d9d376e582b82b71122814756c103cadd5a59c1,0.34434364819829183
0x4ab039a738f3abd41cb1eb51337b654467cccf6b,0.3437946871947593
0x811b5da4f4355938e5ac89c9102fa5d9ad6eac95,0.34251529660662006
0x10812253ac4c1d1f66189ff37be98d844259cd93,0.34221362661322485
0x124a4330e5f0c0cc0078e51323b4ff2ac0ebb5ea,0.3362860950382742
0xc1919db0c4d778693188c986462d351b2693aa9a,0.3354712585712425
0xde0aef70a7ae324045b7722c903aaaec2ac175f5,0.33375503615443847
0x02c9ce7204250085bc0e5416c7dbcbc1b255cf59,0.3266497128220465
0x67ea7e1a35039fa699505f0659dba332d7d421c8,0.32100669222078715
0x7ece2eed80a8bf801653114d205353b7c4681610,0.3125672223242601
0xc7512863ad0666ceadc3f964914b1ab8153b7da1,0.3124035998109961
0xced2f0dcb70757339f7072a3ffa08a4a73497435,0.31156422271158735
0x47d0610768ed33922a1f62e469f31a3daa63779d,0.3109725372094485
0xe1690f5153ad0bbc683964aa81645c49b3cf6567,0.30547670123295867
0xcba1a275e2d858ecffaf7a87f606f74b719a8a93,0.30408878045053184
0x571ebd4c979f1725593bfb129a24d595d6adfc23,0.303189618951339
0x61db79955abf3870cc5a7bbe4a1c1bc89917f312,0.2966995184761201
0x1920c59d9db5a261716ca91fb5910c12da6716d2,0.2962675628117553
0x1889af6eb9bd12fa90fdb7a4c857eff510d54530,0.29434591226433765
0x36dc9b69798c091a986327804003c8898cc7b6bb,0.28904554502582347
0xb7626141ef37f183a7a61dce76304c8b074c0988,0.2878985497252187
0x8ace04ac6081d426680f52b29e78febfa1d37eba,0.28667342229369736
0x8e1fdf5f1ba3f86d77b4dc5b8125169ede8eeabd,0.28580449763040744
0xfc55a72ec00ea3595ba5119882c7e7adb52985ca,0.2856778526898473
0x541044aca278bf18b2eb3a1aed1ce60dfd5d7121,0.28428348277750176
0x0716266cc5d3c443e30b0c4e9c72afa33778e1de,0.28215150892720336
0x7644153a72c4825b458a83a1a31befe69d42f42b,0.28164701109222057
0x870ef2262e4a5e94f6154b9b215c60637c1de908,0.2812937647845021
0x106166ff77e5bccf1c6d7b4d11ca31d00b1f15df,0.2780474039720074
0xd25926a06c7f9d5ac2fbb06cfa4dd38ae1fc652f,0.276026846900122
0xba13e0bf1f494e8e758d276ec256484a372a5646,0.2734398670556139
0xb64caa9388ade265084293e552632d624df1f7c3,0.2728555352273229
0x05ccf46673ab0be3da43e847cf2438b6476fa1d0,0.2718344555607029
0xad1819cc1a6dbcfe293b49e1930ec0f8c872a2cd,0.2717217760440614
0x277ce7ce319e8aa7db17d5784f5b24d36579bbf7,0.27003612075857036
0xe15ce4fe8565cd2a84a50f66ac4772bf4a7f0c52,0.26907526913315266
0x1f7ed1ac71aec7a4eadb6cbcfca7f287301412f2,0.2674690559540023
0x316b98c6df382bd218186d0766966459a199dd04,0.2649464365515573
0x00e22b85d329650e35a9d664b7c408a57820f13f,0.26447519501379535
0x3bdb6119802ef01eab4e2a74bedb5e0227bed49a,0.2601902219273931
0x9080196182f77b89bb5b0eee3ddb48cfa716c4c3,0.2585877363460117
0xeb8f7b8c27732e00bef318441422000d8ccd1e54,0.2552504750252835
0x5ce1b11b3dc5edfd67c104329391f460de62afcc,0.2546379496212165
0x0818f6e98a6b62e02a6a258458dfb579fd2387c6,0.25425542557187875
0x4f672b005e0813f3f5df81a09ec9ab99919d6075,0.25198494936974447
0x5dac9ccc215b9af65b486066786f79d9aa0043da,0.24782770489040054
0x6f21ebc43250a3f75565d1fddd3e7ce5494839e4,0.24609725533285504
0xca949bc917ff93bea259d1751a1af1908c69d969,0.24591893322446134
0xfff423212eb0b97788d43a0c38b7d5762ba3c6e6,0.24542085862615123
0x72b40caa258c237c6f5947e291650808b913e9fc,0.24340923831493702
0xc56e357599de4418c3a33ad611130d2b2b36b19a,0.24100273127906305
0x3d0576fadc008ede206edf3506d3d7a94351a5a6,0.23739173789505263
0x0c0c3df3ee78c0e503ae28e14d69a697653b554b,0.23662135705346468
0x8688ba07daeb403df7f6e7a1e9b22ee84c4f0009,0.23588635740261704
0x52d414766a3b1ad747fd1a9a51731c18d8347ad1,0.23410876640954428
0xbae3b46e29e7cfd2bba8164765d592ce9802ec70,0.23409193995488675
0x339833b965d5e3937e8c0f279a6426dd92150298,0.23297685024024367
0xf69b6812a9c7325f35ab918fd6064de0060f3854,0.23220706835273858
0x059a8677d45a51490ad3eca47dc5aa02be0d696a,0.23038599886942754
0x43006e2609b0a64923d09e3eacedccaad18b2f27,0.22930807458897365
0xb262ca0ecaa368e60ff6d567ce425b31b5207c3b,0.22817291868527478
0x04e73d277bc05ab0fea3d0f46e6d930f3557d76c,0.2234885847719806
0x33b0086c7928f27fc5908b0138d6657149f9c209,0.21966668022366817
0x5bfdb1fa1f81161ec4271fe21f5c8b2662e3f22d,0.2185952421820486
0x6a424ca517094ab45245b10c1a6832cd12ec5fa0,0.21772532789967863
0x231bc628c6e83d5f6ba5b15f88279afdbaed6e9b,0.21744282340532697
0x911362b7c5ab388df79c21b4a290468724cf0901,0.2121035491725658
0xb319d8f7e603c372d0135c145dd8b0ab77c02aee,0.2039293983962653
0x1013f3688452f9223fa1aa1419fbf76f7f482b19,0.2034024118406255
0x43c5b8015c8bb11752c104a59ca32eb482be9a77,0.20326135869004405
0x37b1884205cc47c2bf5cf5a0248946c4c0c85724,0.20100104226636722
0xaed764d1af0d704b0ffa60fc0101eadd069d52d6,0.2008538703557727
0x9a3f5fe3a05917f0f3e7dc464ef0458ba03d8ae9,0.19847012926182936
0x409b3f6363b6c35019f68291398413aaeee96c04,0.19401918597061601
0x29c3bf1254e499bb29fa7560d3e9522a46edf5b1,0.1813566842315347
0xe29950aab6941d4bf1abca0857e754388a887570,0.17434263014942133
0xe43ba3c15ffe3e33d8d8cd395a7ba1631ee73bc6,0.17171750899141633
0x7d9f64f1066e2d1611ec6deda0945ced77c29bc1,0.16912735691034775
0xd946a2a5be9573c3b0a2d4a79c7bb86fc5577256,0.16853361910864761
0x785b70b908e1458bdae818c03d7b8e6688b025e6,0.16831604035721937
0xba1e5c430f5750f0e5f1b48f50eba5711a9c0cc8,0.16697497540461476
0x99b9b86b71c32e215cb81e33999208941d308c04,0.1661566854634461
0x58c31531ca189e73c006686d935cb54d0d5e58b6,0.15993248499588206
0x5be28e441f325d8b005839fd69695884f11da063,0.15920667022993093
0xff3fc772434505abff38eecde3c689d4b0254528,0.14981979382116323
0x0dd3c821968fbdb6859e4b20b4b2a995f7256e2e,0.1466500815826152
0xe42dbc84900b1d08a2212a17c1a1ee1c8707b09f,0.14535494408456473
0xd3769819579dd959ba207913aa333bc25b39b755,0.1426320160637662
0x8ed36ef9f066117203d1bb199d4d41fa2565e3e9,0.13900096063308265
0x0c5a2c72c009252f0e7312f5a1ab87de02be6fbe,0.1374670794840974
0x988c88c707af2cc5d05e024efa128d3f6c06bdd5,0.13734184425543508
0x2990fca96d71b28a3cf3952060fb3ecb9581a43b,0.1345568039771327
0x46f36e11905a8e20071dd42cb07f56f969b5775e,0.1268785087734125
0x719f0226a1adfffc216aa27c0c42ff699972bb6c,0.12552459188128132
0xa41f3acd3f6549d929674283c1c37b09b4ec27ff,0.12408195258004598
0x29fa8b91cd5168e631a2a8765e0c95f76c14d4a1,0.11755308930017175
0x46c9df51d157f040b3e774f3c1023371fdbb19eb,0.1153401605704309
0xded0b7d69316beb53f764b6273c8ff78b70722ff,0.1104446079346137
0x73b04f837595ee4915f6966b667935b1032bcdb3,0.10882966948854175
0xf4e262a2165527727cb51e6ecc0b103f14ac4cfc,0.10807890016209763
0xc440066d36c98bc14cbe6ccfb0bd8517730dee0a,0.1056347927157796
0xbfc6a1e09c20728c4c0fa45cd38705ec3243f9b0,0.10445659403610455
0xa362a6d78d07f3ff28446d1fba483f78d74c0e3b,0.10434415751479645
0xb2043c543bb60fb7aa7265cdca359a35c4bc09fa,0.10253913924397004
0x771f680e734933d36b4a12035885bc0027a6b671,0.09933737126298424
0xd466e5d4c9c54801e65791b748aa4da6df54e236,0.09694007753959236
0xaa98c7afabbc0ea3acdc029a9d71b9ac83ff8cef,0.09659444333796853
0xed5301c542146c57ee2d9b1d17fb2e788c9fc301,0.09658893547511097
0xa6b49397ce21bb62200e914f41bf371e5940bb41,0.09633863849228327
0x374f5fa69b977964d5242c95cd2d31db663bddf0,0.09630599832618084
0x6740888dad1a16931a1dcdd16538c9edd8c5ade0,0.09317166330079
0x4315ed306e03192867b1799e4c0895a4cd9d82d4,0.09147200135652793
0x957146f3e502bcda39fb3460bb00383d5c77711e,0.09070191276111973
0xd0e045b8378b07a2a822d67a7f933b07a7296796,0.0878339542292062
0x2fec662b176b5e37a34ec918010267ca05dc9b5c,0.08701403291898298
0xed3d7456997d9af7d284230b5017b35d140da798,0.08405400117660411
0x2fbf73c4327fe56f753d171b58470df87b972726,0.08244727439296512
0xe435beba6dee3d6f99392ab9568777eb8165719d,0.08150654512811352
0x564b31fe75510a1adb311aece4faa63346ed142c,0.07933231181958982
0x65544898b40e9ad57e15721ea3003b5e40547ce8,0.07180215000816112
0x3d1a6d7ea5aa3ca823a898e81245828dfcf19bc5,0.07097189805412424
0x6ae68eb2fa416fe091803fde014bbf7475468979,0.06913287425367194
0xdfaaec16aa49ae413dca692b504b08c70765d1ec,0.06912417825161421
0xfd9a6cd1670fe8eb4012d8abb9cdf25741a6ff04,0.06799505455186479
0x092331a29c069ffc6824a6d9e5d059012368fbfb,0.06300639399899909
0xf5c01de0d53aebd715a33d6c884930e2bad203f2,0.06261359543873819
0xd48f1a44e56526e96a983ff750559aa365810d5a,0.060499184047874764
0x9af906c01f75154dd3402dfa441c7a4251c3201f,0.0604795352854108
0x3c417907692e305f2e1fd31d3f8ae0b581d8f5ee,0.059425138897631596
0x91d2119e05d026b4df8483c16f262b23dee242ea,0.05746900125999182
0x881da56b26e9c826c0c2ffbe06c5be7eb21d017a,0.05725015637149919
0xb64281dc5bbf20ec2a877891024aaf3cc900a1e5,0.05686537920002023
0x52f00b86cd0a23f03821ad2f9fa0c4741e692821,0.05495893919089698
0x20bc9129bb8c5154c0361fef9c6e9a6fb125969d,0.05485882736955155
0x6e9a88971e957abb41bae4e2677cae258f0c1e76,0.0484535864353661
0xef43492e4676360ed8490f209467fcb51c38d297,0.04680998026199031
0xf2f86bc7e613cf7241babf4bd23882be5f029254,0.04538281619452967
0x73e84d442f748fb9e780c8a75af60d52b765dfa9,0.04324522569238133
0x7bc3591a7fb6cfc37ba21c3e0d9c8d6c057d7579,0.04105629683160089
0xc2f39bfcdee4c4c33359edba8fb3c4cfa044e8fb,0.04046252297361064
0xc42c2c1e6091a5e3f5f1d25709123cca24d0cfc9,0.039557413209017636
0x216a5ba8bd44d9db2f209fc55a737d7e8239db35,0.0390885884548763
0x570218928ba6daaa494c6f0871f181d4f378a0e9,0.03841420063813349
0x177ca251c1ffc18462a552711fdff08555b1d342,0.03793018829639823
0xb82b49312f7215d8db146ee73999b001d7b7f2c9,0.03696812918448748
0x0c943968545b58c30c18f1fd024baf7d39743564,0.036475909704452816
0x79233e858f6f605c7974f2f71813931f8061a8f6,0.03568247106445105
0xbe3efc4b7d3e26b8f9305eff258bb3e57e0cda25,0.035522917711683526
0x2c1e48a5c7ea47a05fbbed660797e90828658b41,0.034585474554422554
0x80af73feef1b9d0f2ef230a548d752e7dc984646,0.03206184535451049
0x07a1f6fc89223c5ebd4e4ddae89ac97629856a0f,0.03026935313787656
0x8d3bbe9c1704b6546badc179a61a414e3c50edbf,0.028407151749047174
0x0cbe265011306fd86438c7d23d0dfb1721c20763,0.02822534518941502
0x7e0dd447232abcabae9e9e2e7f1debe97b30f6be,0.027716799210236412
0x4fbe5303bca958b8f1ee35b5443aad9ad442e3d7,0.027538912016438523
0x33ed72fad47dae83ceb997e779c64a45c7fa4791,0.027536913744226663
0x66c64403a6b5f5e18cc6f88b6b7e713195b1466e,0.02749079807895673
0xe9856510d52a7c97086d7d322b6c7375140769e9,0.026646898224774212
0xead28e25ad83ee78f12e4188ae7f8743aa761f7c,0.026332494474993754
0x93058a79e9ac982b982191d3b807c02797f9f78e,0.025757995691640896
0xdbbce24ceaf638669ab91eea9e990f942dad5403,0.023684016124538795
0x2b1683a4340de00c9301a29cccfd182f6843849f,0.023003974329183816
0x9c01646fbf8c38817c4e31a36fe9872388a7d1cb,0.022281320413168843
0xf3c0313740afb0a5bc3ad81243f54a313e319131,0.02127582116016104
0x3812364136fe59a5db130666925be092050bd8ba,0.02031600315955931
0xaf616daba40f81b75af5373294d4dbe29dd0e0f6,0.019035362407663594
0xdbaa1f7a76dad30900876988804a03a8fa070f29,0.01810591798978846
0x7d9f5398bb4c8967f71ba2e8b09bf2aa4746b809,0.017151227424959038
0xb9a708c67e2e13035a5feb0f1a2f9e3b625ebd62,0.01522420385604962
0xf2dfcae8fef5b5cd5d89a527d193da567a5d6297,0.014044632353847696
0x5791a402700e7266bb4ec99e508fa25a05c762f0,0.011675506650889345
0x558a3ee80040c128be08a3ae350b1b2efc31ea93,0.010810711045072498
0x1eadc27d7dd4315e7bbdb0e4fe6391f4ed4566fd,0.010190395778744707
0x4cccf16faf12590dc9a93255224e699fa2197bca,0.009836210097977442
0xcf88fa6ee6d111b04be9b06ef6fad6bd6691b88c,0.00838437848469428
0xdda42f12b8b2ccc6717c053a2b772bad24b08cbd,0.007837961020467245
0x17e8b099a97686c9afce256eeef0530054139d27,0.006789171272654896
0xd41f7006bcb2b3d0f9c5873272ebed67b37f80dc,0.006397733516201082
0x7adc6863b1d4cdfc722ad7fb97f0cde71a910c89,0.005658309807135068
0xc388750a661cc0b99784bab2c55e1f38ff91643b,0.005357581815542415
0x198b1a38e2db1d0324e9a548fe3ef3ca436b1518,0.004968742411500594
0x1fd6e15cd7548ec27443690ce5aa3320b1869c3d,0.003892476346490067
0x21d35174385903a4f7887cc05592dbb02afe528d,0.00344981411123493
0xd663354a09ab4b0e67d077a540d77c2740e30290,0.002935872626992409
0x369a51a848205f588c91e5a639b5c1905bcc228b,0.002373927306187659
0xdaeb0befaa706c92fbd6897faa4cbb2e76e0f3b8,0.002357839612730413
0x2a1e30aef1413770f5292c27ccd8ca99a7baf57e,0.002135928561403254
0x40799aff479274526a3f126757a2ce0b941529d5,0.002109241256751944
0xe06ef06c3d82212966bd31e90e0bf7f7bf667692,0.001665747771459009
0x10fc1792f41e7f031680ccad1de78dbff4f40c47,0.001389103664022765
0xfa682d7985c6046e050fb76419cc7c5fc6d94761,0.000289796461803852
0x9392487012ca2bbfb12096d3658ec1d3bd5c671e,0.000288212437707837
0x35a42d09c52800ffba30dda4c880f94785581318,0.000104197603837641
0xbcc2ae5aac870b91332f96bf8e8c72abb3ff9eb0,9.9516012341843e-05
0xc1c560f37ccdea19a2da80e8ea656ac724ef49f1,7.0674010126531e-05
0xa678abb7fa735b6a42c78214d6b150849c9570c4,4.6335876845436e-05
0x283c857ba940a61828d9f4c09e3fcee2e7aef3f7,3.1709350777515e-05
0xdf268751c64f91ef7fd10a31b655783e7b905934,1.9983744171947e-05
0x0b7c75a9689a84854256c7d5db7c87feb1bbbb8b,1.353162968e-08
0x297289405faf325d416658e93d93d0ade229528c,1.4e-17
